Downloading https://services.gradle.org/distributions/gradle-9.3.0-bin.zip
.............10%.............20%.............30%.............40%.............50%.............60%.............70%.............80%.............90%.............100%

Welcome to Gradle 9.3.0!

Here are the highlights of this release:
 - Test reporting improvements
 - Error and warning improvements
 - Build authoring improvements

For more details see https://docs.gradle.org/9.3.0/release-notes.html

Starting a Gradle Daemon (subsequent builds will be faster)
Running Stonecutter 0.5.1
> Task :buildSrc:checkKotlinGradlePluginConfigurationErrors SKIPPED
> Task :buildSrc:pluginDescriptors
> Task :buildSrc:processResources NO-SOURCE
> Task :buildSrc:compileKotlin
> Task :buildSrc:compileJava NO-SOURCE
> Task :buildSrc:compileGroovy NO-SOURCE
> Task :buildSrc:classes UP-TO-DATE

> Task :buildSrc:jar
:jar: No valid plugin descriptors were found in META-INF/gradle-plugins

> Configure project :1.21.1
Architectury Loom: 1.13.469
This version of Architectury Loom is in beta! Please report any issues you encounter: https://github.com/architectury/architectury-loom/issues
Architect Plugin: 3.4.164
:remapped 51 mods (intermediary -> named) in 1s

> Configure project :1.21.11
:remapped 44 mods (intermediary -> named) in 1s

> Configure project :fabric:1.21.11
w: file:///home/runner/work/locomotion/locomotion/fabric/build.gradle.kts:129:5: 'val input: RegularFileProperty!' is deprecated. Deprecated in Java.

Cannot remap lambda$init$2 because it does not exists in any of the targets [net/minecraft/class_429]
Cannot remap iterateVisibleBlockEntities because it does not exists in any of the targets [net/minecraft/class_761]

> Configure project :fabric:1.21.11
:remapped 3 mods (intermediary -> named) in 1s

> Configure project :neoforge:1.21.1
w: file:///home/runner/work/locomotion/locomotion/neoforge/build.gradle.kts:112:5: 'val input: RegularFileProperty!' is deprecated. Deprecated in Java.
:downloading minecraft libraries, this may take a while...
:executing 10 MCP steps
:step 1/10 - downloadClient
:downloadClient done in 709408ns
:step 2/10 - downloadServer
:downloadServer done in 14687ns
:step 3/10 - extractServer with net.neoforged.installertools:installertools:2.1.2:fatjar
:extractServer done in 398ms
:step 4/10 - downloadClientMappings
:downloadClientMappings done in 83ms
:step 5/10 - mergeMappings with net.neoforged.installertools:installertools:2.1.2:fatjar
:mergeMappings done in 2s
:step 6/10 - stripClient
:stripClient done in 685ms
:step 7/10 - stripServer
:stripServer done in 368ms
:step 8/10 - merge with net.neoforged:mergetool:2.0.3:fatjar
:merge done in 3s
:downloading minecraft libraries, this may take a while...
:step 9/10 - listLibraries
:listLibraries done in 1ms
:step 10/10 - rename with net.neoforged:AutoRenamingTool:2.0.3:all
:rename done in 5s
:patching jars
:patched jars in 10s
:access transforming minecraft
SLF4J: No SLF4J providers were found.
SLF4J: Defaulting to no-operation (NOP) logger implementation
SLF4J: See https://www.slf4j.org/codes.html#noProviders for further details.
[10:26:54] [main/INFO]: Access Transformer processor running version null
[10:26:54] [main/INFO]: Command line arguments [--inJar, /home/runner/.gradle/caches/fabric-loom/1.21.1/neoforge/21.1.234/minecraft-merged-mojang-patched.jar, --outJar, /home/runner/.gradle/caches/fabric-loom/1.21.1/neoforge/21.1.234/minecraft-merged-mojang-at-patched.jar, --atFile, /tmp/at-conf14838974488073947371.cfg]
[10:26:54] [main/INFO]: Reading from /home/runner/.gradle/caches/fabric-loom/1.21.1/neoforge/21.1.234/minecraft-merged-mojang-patched.jar
[10:26:54] [main/INFO]: Writing to /home/runner/.gradle/caches/fabric-loom/1.21.1/neoforge/21.1.234/minecraft-merged-mojang-at-patched.jar
[10:26:54] [main/INFO]: Transformer file /tmp/at-conf14838974488073947371.cfg
[10:26:54] [main/WARN]: Found existing output jar /home/runner/.gradle/caches/fabric-loom/1.21.1/neoforge/21.1.234/minecraft-merged-mojang-at-patched.jar, overwriting
[10:26:57] [main/INFO]: JAR transformation complete /home/runner/.gradle/caches/fabric-loom/1.21.1/neoforge/21.1.234/minecraft-merged-mojang-at-patched.jar
:access transformed minecraft in 7s
:remapping minecraft (TinyRemapper, srg -> official)

> Configure project :neoforge:1.21.11
w: file:///home/runner/work/locomotion/locomotion/neoforge/build.gradle.kts:112:5: 'val input: RegularFileProperty!' is deprecated. Deprecated in Java.
:downloading minecraft libraries, this may take a while...
:executing 10 MCP steps
:step 1/10 - downloadClient
:downloadClient done in 20619ns
:step 2/10 - downloadServer
:downloadServer done in 10460ns
:step 3/10 - extractServer with net.neoforged.installertools:installertools:4.0.7:fatjar
:extractServer done in 351ms
:step 4/10 - downloadClientMappings
:downloadClientMappings done in 160ms
:step 5/10 - mergeMappings with net.neoforged.installertools:installertools:4.0.7:fatjar
:mergeMappings done in 2s
:step 6/10 - stripClient
:stripClient done in 546ms
:step 7/10 - stripServer
:stripServer done in 363ms
:step 8/10 - merge with net.neoforged:mergetool:2.0.7:fatjar
:merge done in 3s
:downloading minecraft libraries, this may take a while...
:step 9/10 - listLibraries
:listLibraries done in 363781ns
:step 10/10 - rename with net.neoforged:AutoRenamingTool:2.0.17:all
:rename done in 6s
:patching jars
:patched jars in 4s
:access transforming minecraft
SLF4J: No SLF4J providers were found.
SLF4J: Defaulting to no-operation (NOP) logger implementation
SLF4J: See https://www.slf4j.org/codes.html#noProviders for further details.
[10:27:48] [main/INFO]: Access Transformer processor running version null
[10:27:48] [main/INFO]: Command line arguments [--inJar, /home/runner/.gradle/caches/fabric-loom/1.21.11/neoforge/21.11.0-beta/minecraft-merged-mojang-patched.jar, --outJar, /home/runner/.gradle/caches/fabric-loom/1.21.11/neoforge/21.11.0-beta/minecraft-merged-mojang-at-patched.jar, --atFile, /tmp/at-conf6712396338020034331.cfg, --atFile, /tmp/at-conf122207568724849004.cfg]
[10:27:48] [main/INFO]: Reading from /home/runner/.gradle/caches/fabric-loom/1.21.11/neoforge/21.11.0-beta/minecraft-merged-mojang-patched.jar
[10:27:48] [main/INFO]: Writing to /home/runner/.gradle/caches/fabric-loom/1.21.11/neoforge/21.11.0-beta/minecraft-merged-mojang-at-patched.jar
[10:27:48] [main/INFO]: Transformer file /tmp/at-conf6712396338020034331.cfg
[10:27:48] [main/INFO]: Transformer file /tmp/at-conf122207568724849004.cfg
[10:27:48] [main/WARN]: Found existing output jar /home/runner/.gradle/caches/fabric-loom/1.21.11/neoforge/21.11.0-beta/minecraft-merged-mojang-at-patched.jar, overwriting
[10:27:52] [main/INFO]: JAR transformation complete /home/runner/.gradle/caches/fabric-loom/1.21.11/neoforge/21.11.0-beta/minecraft-merged-mojang-at-patched.jar
:access transformed minecraft in 4s
:remapping minecraft (TinyRemapper, srg -> official)

> Task :1.21.1:setupChiseledBuild
Switched to 1.21.1 in 637ms. (0 total | 0 processed | 0 skipped)

> Task :1.21.11:setupChiseledBuild
Switched to 1.21.11 in 145ms. (0 total | 0 processed | 0 skipped)

> Task :fabric:1.21.11:setupChiseledBuild
Switched to 1.21.11 in 4ms. (0 total | 0 processed | 0 skipped)

> Task :neoforge:1.21.1:setupChiseledBuild
Switched to 1.21.1 in 4ms. (0 total | 0 processed | 0 skipped)

> Task :neoforge:1.21.11:setupChiseledBuild
Switched to 1.21.11 in 4ms. (0 total | 0 processed | 0 skipped)

> Task :chiseledStonecutter
> Task :chiseledBuild
> Task :1.21.11:compileJava
> Task :1.21.11:processResources
> Task :1.21.11:classes
> Task :1.21.11:jar
> Task :neoforge:1.21.11:compileJava
> Task :neoforge:1.21.11:processResources
> Task :neoforge:1.21.11:classes
> Task :neoforge:1.21.11:jar
> Task :neoforge:1.21.11:processIncludeJars

> Task :1.21.11:transformProductionNeoForge
[Architectury Transformer] Read classpath in 1.374 s
[Architectury Transformer] Transformed jar with 5 transformer(s) in 2.288 s

> Task :neoforge:1.21.11:shadowJar FAILED
ex
org.gradle.api.GradleException: Could not add META-INF to ZIP '/home/runner/work/locomotion/locomotion/neoforge/versions/1.21.11/build/libs/locomotion-neoforge-0.1.12+1.21.11-playtesting-dev-shadow.jar'.
	at java.base/jdk.internal.reflect.DirectConstructorHandleAccessor.newInstance(DirectConstructorHandleAccessor.java:62)
	at java.base/java.lang.reflect.Constructor.newInstanceWithCaller(Constructor.java:502)
	at java.base/java.lang.reflect.Constructor.newInstance(Constructor.java:486)
	at org.codehaus.groovy.reflection.CachedConstructor.invoke(CachedConstructor.java:73)
	at org.codehaus.groovy.runtime.callsite.ConstructorSite$ConstructorSiteNoUnwrapNoCoerce.callConstructor(ConstructorSite.java:108)
	at org.codehaus.groovy.runtime.callsite.CallSiteArray.defaultCallConstructor(CallSiteArray.java:57)
	at org.codehaus.groovy.runtime.callsite.AbstractCallSite.callConstructor(AbstractCallSite.java:263)
	at org.gradle.internal.classpath.intercept.DefaultCallSiteDecorator$DecoratingCallSite.lambda$callConstructor$2(DefaultCallSiteDecorator.java:248)
	at org.gradle.internal.instrumentation.api.groovybytecode.InvocationImpl.callNext(InvocationImpl.java:63)
	at org.gradle.internal.classpath.intercept.DefaultCallSiteDecorator$1.intercept(DefaultCallSiteDecorator.java:88)
	at org.gradle.internal.classpath.intercept.DefaultCallSiteDecorator$DecoratingCallSite.callConstructor(DefaultCallSiteDecorator.java:247)
	at org.codehaus.groovy.runtime.callsite.AbstractCallSite.callConstructor(AbstractCallSite.java:286)
	at com.github.jengelman.gradle.plugins.shadow.tasks.ShadowCopyAction$StreamAction.visitDir(ShadowCopyAction.groovy:408)
	at java.base/jdk.internal.reflect.DirectMethodHandleAccessor.invoke(DirectMethodHandleAccessor.java:103)
	at java.base/java.lang.reflect.Method.invoke(Method.java:580)
	at org.codehaus.groovy.runtime.callsite.PlainObjectMetaMethodSite.doInvoke(PlainObjectMetaMethodSite.java:43)
	at org.codehaus.groovy.runtime.callsite.PogoMetaMethodSite$PogoCachedMethodSiteNoUnwrapNoCoerce.invoke(PogoMetaMethodSite.java:198)
	at org.codehaus.groovy.runtime.callsite.PogoMetaMethodSite.callCurrent(PogoMetaMethodSite.java:62)
	at org.codehaus.groovy.runtime.callsite.CallSiteArray.defaultCallCurrent(CallSiteArray.java:49)
	at org.codehaus.groovy.runtime.callsite.AbstractCallSite.callCurrent(AbstractCallSite.java:171)
	at org.codehaus.groovy.runtime.callsite.AbstractCallSite.callCurrent(AbstractCallSite.java:185)
	at com.github.jengelman.gradle.plugins.shadow.tasks.ShadowCopyAction$BaseStreamAction.processFile(ShadowCopyAction.groovy:179)
	at org.gradle.api.internal.file.copy.NormalizingCopyActionDecorator.maybeVisit(NormalizingCopyActionDecorator.java:104)
	at org.gradle.api.internal.file.copy.NormalizingCopyActionDecorator.lambda$execute$0(NormalizingCopyActionDecorator.java:71)
	at org.gradle.api.internal.file.copy.DuplicateHandlingCopyActionDecorator.lambda$execute$0(DuplicateHandlingCopyActionDecorator.java:70)
	at org.gradle.api.internal.file.copy.CopyFileVisitorImpl.processFile(CopyFileVisitorImpl.java:68)
	at org.gradle.api.internal.file.copy.CopyFileVisitorImpl.visitFile(CopyFileVisitorImpl.java:52)
	at org.gradle.api.internal.file.collections.FilteredMinimalFileTree$2.visitFile(FilteredMinimalFileTree.java:95)
	at org.gradle.api.internal.file.collections.GeneratedSingletonFileTree.visit(GeneratedSingletonFileTree.java:110)
	at org.gradle.api.internal.file.collections.FilteredMinimalFileTree.visit(FilteredMinimalFileTree.java:84)
	at org.gradle.api.internal.file.collections.FileTreeAdapter.visit(FileTreeAdapter.java:110)
	at org.gradle.api.internal.file.CompositeFileTree.visit(CompositeFileTree.java:108)
	at org.gradle.api.internal.file.copy.CopySpecActionImpl.execute(CopySpecActionImpl.java:43)
	at org.gradle.api.internal.file.copy.CopySpecActionImpl.execute(CopySpecActionImpl.java:25)
	at org.gradle.api.internal.file.copy.DefaultCopySpec$DefaultCopySpecResolver.walk(DefaultCopySpec.java:808)
	at org.gradle.api.internal.file.copy.DefaultCopySpec$DefaultCopySpecResolver.walk(DefaultCopySpec.java:810)
	at org.gradle.api.internal.file.copy.DefaultCopySpec$DefaultCopySpecResolver.walk(DefaultCopySpec.java:810)
	at org.gradle.api.internal.file.copy.DefaultCopySpec.walk(DefaultCopySpec.java:543)
	at org.gradle.api.internal.file.copy.CopySpecBackedCopyActionProcessingStream.process(CopySpecBackedCopyActionProcessingStream.java:42)
	at org.gradle.api.internal.file.copy.DuplicateHandlingCopyActionDecorator.lambda$execute$1(DuplicateHandlingCopyActionDecorator.java:50)
	at org.gradle.api.internal.file.copy.NormalizingCopyActionDecorator.lambda$execute$1(NormalizingCopyActionDecorator.java:64)
	at org.gradle.api.internal.file.copy.CopyActionProcessingStream$process.call(Unknown Source)
	at org.codehaus.groovy.runtime.callsite.CallSiteArray.defaultCall(CallSiteArray.java:45)
	at org.codehaus.groovy.runtime.callsite.AbstractCallSite.call(AbstractCallSite.java:125)
	at org.codehaus.groovy.runtime.callsite.AbstractCallSite.call(AbstractCallSite.java:139)
	at com.github.jengelman.gradle.plugins.shadow.tasks.ShadowCopyAction$2.execute(ShadowCopyAction.groovy:108)
	at com.github.jengelman.gradle.plugins.shadow.tasks.ShadowCopyAction$2$execute.call(Unknown Source)
	at org.codehaus.groovy.runtime.callsite.CallSiteArray.defaultCall(CallSiteArray.java:45)
	at org.codehaus.groovy.runtime.callsite.AbstractCallSite.call(AbstractCallSite.java:125)
	at org.gradle.internal.classpath.intercept.DefaultCallSiteDecorator$DecoratingCallSite.lambda$call$0(DefaultCallSiteDecorator.java:224)
	at org.gradle.internal.instrumentation.api.groovybytecode.InvocationImpl.callNext(InvocationImpl.java:63)
	at org.gradle.internal.classpath.Instrumented$ProcessGroovyMethodsExecuteInterceptor.intercept(Instrumented.java:714)
	at org.gradle.internal.classpath.intercept.DefaultCallSiteDecorator$DecoratingCallSite.call(DefaultCallSiteDecorator.java:223)
	at org.codehaus.groovy.runtime.callsite.AbstractCallSite.call(AbstractCallSite.java:139)
	at com.github.jengelman.gradle.plugins.shadow.tasks.ShadowCopyAction.withResource(ShadowCopyAction.groovy:150)
	at java.base/jdk.internal.reflect.DirectMethodHandleAccessor.invoke(DirectMethodHandleAccessor.java:103)
	at java.base/java.lang.reflect.Method.invoke(Method.java:580)
	at org.codehaus.groovy.reflection.CachedMethod.invoke(CachedMethod.java:343)
	at org.codehaus.groovy.runtime.callsite.StaticMetaMethodSite$StaticMetaMethodSiteNoUnwrapNoCoerce.invoke(StaticMetaMethodSite.java:153)
	at org.codehaus.groovy.runtime.callsite.StaticMetaMethodSite.callStatic(StaticMetaMethodSite.java:102)
	at org.codehaus.groovy.runtime.callsite.CallSiteArray.defaultCallStatic(CallSiteArray.java:53)
	at org.codehaus.groovy.runtime.callsite.AbstractCallSite.callStatic(AbstractCallSite.java:217)
	at org.codehaus.groovy.runtime.callsite.AbstractCallSite.callStatic(AbstractCallSite.java:240)
	at com.github.jengelman.gradle.plugins.shadow.tasks.ShadowCopyAction.execute(ShadowCopyAction.groovy:105)
	at org.gradle.api.internal.file.copy.NormalizingCopyActionDecorator.execute(NormalizingCopyActionDecorator.java:63)
	at org.gradle.api.internal.file.copy.DuplicateHandlingCopyActionDecorator.execute(DuplicateHandlingCopyActionDecorator.java:50)
	at org.gradle.api.internal.file.copy.CopyActionExecuter.execute(CopyActionExecuter.java:48)
	at org.gradle.api.tasks.AbstractCopyTask.copy(AbstractCopyTask.java:146)
	at com.github.jengelman.gradle.plugins.shadow.tasks.ShadowJar.copy(ShadowJar.java:161)
	at java.base/jdk.internal.reflect.DirectMethodHandleAccessor.invoke(DirectMethodHandleAccessor.java:103)
	at java.base/java.lang.reflect.Method.invoke(Method.java:580)
	at org.gradle.internal.reflect.JavaMethod.invoke(JavaMethod.java:125)
	at org.gradle.api.internal.project.taskfactory.StandardTaskAction.doExecute(StandardTaskAction.java:58)
	at org.gradle.api.internal.project.taskfactory.StandardTaskAction.execute(StandardTaskAction.java:51)
	at org.gradle.api.internal.project.taskfactory.StandardTaskAction.execute(StandardTaskAction.java:29)
	at org.gradle.api.internal.tasks.execution.TaskExecution$3.run(TaskExecution.java:259)
	at org.gradle.internal.operations.DefaultBuildOperationRunner$1.execute(DefaultBuildOperationRunner.java:29)
	at org.gradle.internal.operations.DefaultBuildOperationRunner$1.execute(DefaultBuildOperationRunner.java:26)
	at org.gradle.internal.operations.DefaultBuildOperationRunner$2.execute(DefaultBuildOperationRunner.java:66)
	at org.gradle.internal.operations.DefaultBuildOperationRunner$2.execute(DefaultBuildOperationRunner.java:59)
	at org.gradle.internal.operations.DefaultBuildOperationRunner.execute(DefaultBuildOperationRunner.java:166)
	at org.gradle.internal.operations.DefaultBuildOperationRunner.execute(DefaultBuildOperationRunner.java:59)
	at org.gradle.internal.operations.DefaultBuildOperationRunner.run(DefaultBuildOperationRunner.java:47)
	at org.gradle.api.internal.tasks.execution.TaskExecution.executeAction(TaskExecution.java:244)
	at org.gradle.api.internal.tasks.execution.TaskExecution.executeActions(TaskExecution.java:227)
	at org.gradle.api.internal.tasks.execution.TaskExecution.executeWithPreviousOutputFiles(TaskExecution.java:210)
	at org.gradle.api.internal.tasks.execution.TaskExecution.execute(TaskExecution.java:176)
	at org.gradle.internal.execution.steps.ExecuteStep.executeInternal(ExecuteStep.java:110)
	at org.gradle.internal.execution.steps.ExecuteStep.access$000(ExecuteStep.java:47)
	at org.gradle.internal.execution.steps.ExecuteStep$1.call(ExecuteStep.java:64)
	at org.gradle.internal.execution.steps.ExecuteStep$1.call(ExecuteStep.java:61)
	at org.gradle.internal.operations.DefaultBuildOperationRunner$CallableBuildOperationWorker.execute(DefaultBuildOperationRunner.java:209)
	at org.gradle.internal.operations.DefaultBuildOperationRunner$CallableBuildOperationWorker.execute(DefaultBuildOperationRunner.java:204)
	at org.gradle.internal.operations.DefaultBuildOperationRunner$2.execute(DefaultBuildOperationRunner.java:66)
	at org.gradle.internal.operations.DefaultBuildOperationRunner$2.execute(DefaultBuildOperationRunner.java:59)
	at org.gradle.internal.operations.DefaultBuildOperationRunner.execute(DefaultBuildOperationRunner.java:166)
	at org.gradle.internal.operations.DefaultBuildOperationRunner.execute(DefaultBuildOperationRunner.java:59)
	at org.gradle.internal.operations.DefaultBuildOperationRunner.call(DefaultBuildOperationRunner.java:53)
	at org.gradle.internal.execution.steps.ExecuteStep.execute(ExecuteStep.java:61)
	at org.gradle.internal.execution.steps.ExecuteStep.execute(ExecuteStep.java:47)
	at org.gradle.internal.execution.steps.CancelExecutionStep.execute(CancelExecutionStep.java:42)
	at org.gradle.internal.execution.steps.TimeoutStep.executeWithoutTimeout(TimeoutStep.java:75)
	at org.gradle.internal.execution.steps.TimeoutStep.execute(TimeoutStep.java:55)
	at org.gradle.internal.execution.steps.PreCreateOutputParentsStep.execute(PreCreateOutputParentsStep.java:51)
	at org.gradle.internal.execution.steps.PreCreateOutputParentsStep.execute(PreCreateOutputParentsStep.java:29)
	at org.gradle.internal.execution.steps.RemovePreviousOutputsStep.executeMutable(RemovePreviousOutputsStep.java:70)
	at org.gradle.internal.execution.steps.RemovePreviousOutputsStep.executeMutable(RemovePreviousOutputsStep.java:40)
	at org.gradle.internal.execution.steps.MutableStep.execute(MutableStep.java:25)
	at org.gradle.internal.execution.steps.BroadcastChangingOutputsStep.execute(BroadcastChangingOutputsStep.java:62)
	at org.gradle.internal.execution.steps.BroadcastChangingOutputsStep.execute(BroadcastChangingOutputsStep.java:27)
	at org.gradle.internal.execution.steps.CaptureOutputsAfterExecutionStep.execute(CaptureOutputsAfterExecutionStep.java:69)
	at org.gradle.internal.execution.steps.CaptureOutputsAfterExecutionStep.execute(CaptureOutputsAfterExecutionStep.java:46)
	at org.gradle.internal.execution.steps.ResolveInputChangesStep.executeMutable(ResolveInputChangesStep.java:39)
	at org.gradle.internal.execution.steps.ResolveInputChangesStep.executeMutable(ResolveInputChangesStep.java:28)
	at org.gradle.internal.execution.steps.MutableStep.execute(MutableStep.java:25)
	at org.gradle.internal.execution.steps.BuildCacheStep.executeWithoutCache(BuildCacheStep.java:192)
	at org.gradle.internal.execution.steps.BuildCacheStep.lambda$execute$1(BuildCacheStep.java:76)
	at org.gradle.internal.Either$Right.fold(Either.java:176)
	at org.gradle.internal.execution.caching.CachingState.fold(CachingState.java:62)
	at org.gradle.internal.execution.steps.BuildCacheStep.execute(BuildCacheStep.java:74)
	at org.gradle.internal.execution.steps.BuildCacheStep.execute(BuildCacheStep.java:49)
	at org.gradle.internal.execution.steps.StoreExecutionStateStep.execute(StoreExecutionStateStep.java:46)
	at org.gradle.internal.execution.steps.StoreExecutionStateStep.execute(StoreExecutionStateStep.java:35)
	at org.gradle.internal.execution.steps.SkipUpToDateStep.executeBecause(SkipUpToDateStep.java:75)
	at org.gradle.internal.execution.steps.SkipUpToDateStep.lambda$execute$2(SkipUpToDateStep.java:53)
	at java.base/java.util.Optional.orElseGet(Optional.java:364)
	at org.gradle.internal.execution.steps.SkipUpToDateStep.execute(SkipUpToDateStep.java:53)
	at org.gradle.internal.execution.steps.SkipUpToDateStep.execute(SkipUpToDateStep.java:35)
	at org.gradle.internal.execution.steps.legacy.MarkSnapshottingInputsFinishedStep.execute(MarkSnapshottingInputsFinishedStep.java:37)
	at org.gradle.internal.execution.steps.legacy.MarkSnapshottingInputsFinishedStep.execute(MarkSnapshottingInputsFinishedStep.java:27)
	at org.gradle.internal.execution.steps.ResolveIncrementalCachingStateStep.executeDelegate(ResolveIncrementalCachingStateStep.java:49)
	at org.gradle.internal.execution.steps.ResolveIncrementalCachingStateStep.executeDelegate(ResolveIncrementalCachingStateStep.java:27)
	at org.gradle.internal.execution.steps.AbstractResolveCachingStateStep.execute(AbstractResolveCachingStateStep.java:71)
	at org.gradle.internal.execution.steps.AbstractResolveCachingStateStep.execute(AbstractResolveCachingStateStep.java:39)
	at org.gradle.internal.execution.steps.ResolveChangesStep.executeMutable(ResolveChangesStep.java:63)
	at org.gradle.internal.execution.steps.ResolveChangesStep.executeMutable(ResolveChangesStep.java:34)
	at org.gradle.internal.execution.steps.MutableStep.execute(MutableStep.java:25)
	at org.gradle.internal.execution.steps.ValidateStep.execute(ValidateStep.java:64)
	at org.gradle.internal.execution.steps.ValidateStep.execute(ValidateStep.java:42)
	at org.gradle.internal.execution.steps.AbstractCaptureStateBeforeExecutionStep.execute(AbstractCaptureStateBeforeExecutionStep.java:77)
	at org.gradle.internal.execution.steps.AbstractCaptureStateBeforeExecutionStep.execute(AbstractCaptureStateBeforeExecutionStep.java:46)
	at org.gradle.internal.execution.steps.AbstractSkipEmptyWorkStep.executeWithNonEmptySources(AbstractSkipEmptyWorkStep.java:133)
	at org.gradle.internal.execution.steps.AbstractSkipEmptyWorkStep.execute(AbstractSkipEmptyWorkStep.java:64)
	at org.gradle.internal.execution.steps.AbstractSkipEmptyWorkStep.execute(AbstractSkipEmptyWorkStep.java:36)
	at org.gradle.internal.execution.steps.legacy.MarkSnapshottingInputsStartedStep.execute(MarkSnapshottingInputsStartedStep.java:38)
	at org.gradle.internal.execution.steps.LoadPreviousExecutionStateStep.execute(LoadPreviousExecutionStateStep.java:36)
	at org.gradle.internal.execution.steps.LoadPreviousExecutionStateStep.execute(LoadPreviousExecutionStateStep.java:23)
	at org.gradle.internal.execution.steps.HandleStaleOutputsStep.executeMutable(HandleStaleOutputsStep.java:77)
	at org.gradle.internal.execution.steps.HandleStaleOutputsStep.executeMutable(HandleStaleOutputsStep.java:43)
	at org.gradle.internal.execution.steps.MutableStep.execute(MutableStep.java:25)
	at org.gradle.internal.execution.steps.AssignMutableWorkspaceStep.lambda$execute$0(AssignMutableWorkspaceStep.java:35)
	at org.gradle.api.internal.tasks.execution.TaskExecution$4.withWorkspace(TaskExecution.java:305)
	at org.gradle.internal.execution.steps.AssignMutableWorkspaceStep.execute(AssignMutableWorkspaceStep.java:31)
	at org.gradle.internal.execution.steps.AssignMutableWorkspaceStep.execute(AssignMutableWorkspaceStep.java:22)
	at org.gradle.internal.execution.steps.ChoosePipelineStep.execute(ChoosePipelineStep.java:40)
	at org.gradle.internal.execution.steps.ChoosePipelineStep.execute(ChoosePipelineStep.java:23)
	at org.gradle.internal.execution.steps.ExecuteWorkBuildOperationFiringStep.lambda$execute$2(ExecuteWorkBuildOperationFiringStep.java:67)
	at java.base/java.util.Optional.orElseGet(Optional.java:364)
	at org.gradle.internal.execution.steps.ExecuteWorkBuildOperationFiringStep.execute(ExecuteWorkBuildOperationFiringStep.java:67)
	at org.gradle.internal.execution.steps.ExecuteWorkBuildOperationFiringStep.execute(ExecuteWorkBuildOperationFiringStep.java:39)
	at org.gradle.internal.execution.steps.IdentityCacheStep.execute(IdentityCacheStep.java:46)
	at org.gradle.internal.execution.steps.IdentityCacheStep.execute(IdentityCacheStep.java:34)
	at org.gradle.internal.execution.steps.IdentifyStep.execute(IdentifyStep.java:44)
	at org.gradle.internal.execution.steps.IdentifyStep.execute(IdentifyStep.java:31)
	at org.gradle.internal.execution.impl.DefaultExecutionEngine$1.execute(DefaultExecutionEngine.java:68)
	at org.gradle.api.internal.tasks.execution.ExecuteActionsTaskExecuter.executeIfValid(ExecuteActionsTaskExecuter.java:132)
	at org.gradle.api.internal.tasks.execution.ExecuteActionsTaskExecuter.execute(ExecuteActionsTaskExecuter.java:121)
	at org.gradle.api.internal.tasks.execution.ProblemsTaskPathTrackingTaskExecuter.execute(ProblemsTaskPathTrackingTaskExecuter.java:41)
	at org.gradle.api.internal.tasks.execution.FinalizePropertiesTaskExecuter.execute(FinalizePropertiesTaskExecuter.java:46)
	at org.gradle.api.internal.tasks.execution.ResolveTaskExecutionModeExecuter.execute(ResolveTaskExecutionModeExecuter.java:51)
	at org.gradle.api.internal.tasks.execution.SkipTaskWithNoActionsExecuter.execute(SkipTaskWithNoActionsExecuter.java:57)
	at org.gradle.api.internal.tasks.execution.SkipOnlyIfTaskExecuter.execute(SkipOnlyIfTaskExecuter.java:74)
	at org.gradle.api.internal.tasks.execution.CatchExceptionTaskExecuter.execute(CatchExceptionTaskExecuter.java:36)
	at org.gradle.api.internal.tasks.execution.EventFiringTaskExecuter$1.executeTask(EventFiringTaskExecuter.java:77)
	at org.gradle.api.internal.tasks.execution.EventFiringTaskExecuter$1.call(EventFiringTaskExecuter.java:55)
	at org.gradle.api.internal.tasks.execution.EventFiringTaskExecuter$1.call(EventFiringTaskExecuter.java:52)
	at org.gradle.internal.operations.DefaultBuildOperationRunner$CallableBuildOperationWorker.execute(DefaultBuildOperationRunner.java:209)
	at org.gradle.internal.operations.DefaultBuildOperationRunner$CallableBuildOperationWorker.execute(DefaultBuildOperationRunner.java:204)
	at org.gradle.internal.operations.DefaultBuildOperationRunner$2.execute(DefaultBuildOperationRunner.java:66)
	at org.gradle.internal.operations.DefaultBuildOperationRunner$2.execute(DefaultBuildOperationRunner.java:59)
	at org.gradle.internal.operations.DefaultBuildOperationRunner.execute(DefaultBuildOperationRunner.java:166)
	at org.gradle.internal.operations.DefaultBuildOperationRunner.execute(DefaultBuildOperationRunner.java:59)
	at org.gradle.internal.operations.DefaultBuildOperationRunner.call(DefaultBuildOperationRunner.java:53)
	at org.gradle.api.internal.tasks.execution.EventFiringTaskExecuter.execute(EventFiringTaskExecuter.java:52)
	at org.gradle.execution.plan.DefaultNodeExecutor.executeLocalTaskNode(DefaultNodeExecutor.java:55)
	at org.gradle.execution.plan.DefaultNodeExecutor.execute(DefaultNodeExecutor.java:34)
	at org.gradle.execution.taskgraph.DefaultTaskExecutionGraph$InvokeNodeExecutorsAction.execute(DefaultTaskExecutionGraph.java:355)
	at org.gradle.execution.taskgraph.DefaultTaskExecutionGraph$InvokeNodeExecutorsAction.execute(DefaultTaskExecutionGraph.java:343)
	at org.gradle.execution.taskgraph.DefaultTaskExecutionGraph$BuildOperationAwareExecutionAction.lambda$execute$0(DefaultTaskExecutionGraph.java:339)
	at org.gradle.internal.operations.CurrentBuildOperationRef.with(CurrentBuildOperationRef.java:84)
	at org.gradle.execution.taskgraph.DefaultTaskExecutionGraph$BuildOperationAwareExecutionAction.execute(DefaultTaskExecutionGraph.java:339)
	at org.gradle.execution.taskgraph.DefaultTaskExecutionGraph$BuildOperationAwareExecutionAction.execute(DefaultTaskExecutionGraph.java:328)
	at org.gradle.execution.plan.DefaultPlanExecutor$ExecutorWorker.execute(DefaultPlanExecutor.java:459)
	at org.gradle.execution.plan.DefaultPlanExecutor$ExecutorWorker.run(DefaultPlanExecutor.java:376)
	at org.gradle.execution.plan.DefaultPlanExecutor.process(DefaultPlanExecutor.java:111)
	at org.gradle.execution.taskgraph.DefaultTaskExecutionGraph.executeWithServices(DefaultTaskExecutionGraph.java:146)
	at org.gradle.execution.taskgraph.DefaultTaskExecutionGraph.execute(DefaultTaskExecutionGraph.java:131)
	at org.gradle.execution.SelectedTaskExecutionAction.execute(SelectedTaskExecutionAction.java:35)
	at org.gradle.execution.BuildOperationFiringBuildWorkerExecutor$ExecuteTasks.call(BuildOperationFiringBuildWorkerExecutor.java:54)
	at org.gradle.execution.BuildOperationFiringBuildWorkerExecutor$ExecuteTasks.call(BuildOperationFiringBuildWorkerExecutor.java:43)
	at org.gradle.internal.operations.DefaultBuildOperationRunner$CallableBuildOperationWorker.execute(DefaultBuildOperationRunner.java:209)
	at org.gradle.internal.operations.DefaultBuildOperationRunner$CallableBuildOperationWorker.execute(DefaultBuildOperationRunner.java:204)
	at org.gradle.internal.operations.DefaultBuildOperationRunner$2.execute(DefaultBuildOperationRunner.java:66)
	at org.gradle.internal.operations.DefaultBuildOperationRunner$2.execute(DefaultBuildOperationRunner.java:59)
	at org.gradle.internal.operations.DefaultBuildOperationRunner.execute(DefaultBuildOperationRunner.java:166)
	at org.gradle.internal.operations.DefaultBuildOperationRunner.execute(DefaultBuildOperationRunner.java:59)
	at org.gradle.internal.operations.DefaultBuildOperationRunner.call(DefaultBuildOperationRunner.java:53)
	at org.gradle.execution.BuildOperationFiringBuildWorkerExecutor.execute(BuildOperationFiringBuildWorkerExecutor.java:40)
	at org.gradle.internal.build.DefaultBuildLifecycleController.lambda$executeTasks$10(DefaultBuildLifecycleController.java:313)
	at org.gradle.internal.model.StateTransitionController.doTransition(StateTransitionController.java:276)
	at org.gradle.internal.model.StateTransitionController.lambda$tryTransition$8(StateTransitionController.java:187)
	at org.gradle.internal.work.DefaultSynchronizer.withLock(DefaultSynchronizer.java:45)
	at org.gradle.internal.model.StateTransitionController.tryTransition(StateTransitionController.java:187)
	at org.gradle.internal.build.DefaultBuildLifecycleController.executeTasks(DefaultBuildLifecycleController.java:304)
	at org.gradle.internal.build.DefaultBuildWorkGraphController$DefaultBuildWorkGraph.runWork(DefaultBuildWorkGraphController.java:220)
	at org.gradle.internal.work.DefaultWorkerLeaseService.lambda$withLocksAcquired$0(DefaultWorkerLeaseService.java:269)
	at org.gradle.internal.work.ResourceLockStatistics$1.measure(ResourceLockStatistics.java:42)
	at org.gradle.internal.work.DefaultWorkerLeaseService.withLocksAcquired(DefaultWorkerLeaseService.java:267)
	at org.gradle.internal.work.DefaultWorkerLeaseService.withLocks(DefaultWorkerLeaseService.java:259)
	at org.gradle.internal.work.DefaultWorkerLeaseService.runAsWorkerThread(DefaultWorkerLeaseService.java:127)
	at org.gradle.composite.internal.DefaultBuildController.doRun(DefaultBuildController.java:181)
	at org.gradle.composite.internal.DefaultBuildController.access$000(DefaultBuildController.java:50)
	at org.gradle.composite.internal.DefaultBuildController$BuildOpRunnable.lambda$run$0(DefaultBuildController.java:198)
	at org.gradle.internal.operations.CurrentBuildOperationRef.with(CurrentBuildOperationRef.java:84)
	at org.gradle.composite.internal.DefaultBuildController$BuildOpRunnable.run(DefaultBuildController.java:198)
	at java.base/java.util.concurrent.Executors$RunnableAdapter.call(Executors.java:572)
	at java.base/java.util.concurrent.FutureTask.run(FutureTask.java:317)
	at org.gradle.internal.concurrent.ExecutorPolicy$CatchAndRecordFailures.onExecute(ExecutorPolicy.java:64)
	at org.gradle.internal.concurrent.AbstractManagedExecutor$1.run(AbstractManagedExecutor.java:47)
	at java.base/java.util.concurrent.ThreadPoolExecutor.runWorker(ThreadPoolExecutor.java:1144)
	at java.base/java.util.concurrent.ThreadPoolExecutor$Worker.run(ThreadPoolExecutor.java:642)
	at java.base/java.lang.Thread.run(Thread.java:1583)
Caused by: groovy.lang.MissingPropertyException: No such property: mode for class: org.gradle.api.internal.file.copy.NormalizingCopyActionDecorator$StubbedFileCopyDetails
Possible solutions: file, name, size, chmod
	at org.codehaus.groovy.runtime.ScriptBytecodeAdapter.unwrap(ScriptBytecodeAdapter.java:68)
	at org.codehaus.groovy.runtime.callsite.GetEffectivePojoPropertySite.getProperty(GetEffectivePojoPropertySite.java:67)
	at org.codehaus.groovy.runtime.callsite.AbstractCallSite.callGetProperty(AbstractCallSite.java:329)
	at com.github.jengelman.gradle.plugins.shadow.tasks.ShadowCopyAction$StreamAction.visitDir(ShadowCopyAction.groovy:403)
	... 219 more

> Task :neoforge:1.21.11:sourcesJar
> Task :neoforge:1.21.11:compileTestJava NO-SOURCE
> Task :neoforge:1.21.11:processTestResources NO-SOURCE
> Task :neoforge:1.21.11:testClasses UP-TO-DATE
> Task :neoforge:1.21.11:test NO-SOURCE
> Task :neoforge:1.21.11:validateAccessWidener NO-SOURCE
> Task :neoforge:1.21.11:check UP-TO-DATE
> Task :1.21.1:rewriteLegacySources
> Task :neoforge:1.21.11:remapSourcesJar

> Task :1.21.1:compileJava
/home/runner/work/locomotion/locomotion/versions/1.21.1/build/generated/legacy-sources/com/trainguy9512/locomotion/animation/joint/JointChannel.java:29: error: cannot find symbol
        return ofTranslationRotationScaleEuler(new Vector3f(partPose.x(), partPose.y(), partPose.z()), new Vector3f(partPose.xRot(), partPose.yRot(), partPose.zRot()), new Vector3f(partPose.xScale(), partPose.yScale(), partPose.zScale()), true);
                                                                    ^
  symbol:   method x()
  location: variable partPose of type PartPose
/home/runner/work/locomotion/locomotion/versions/1.21.1/build/generated/legacy-sources/com/trainguy9512/locomotion/animation/joint/JointChannel.java:29: error: cannot find symbol
        return ofTranslationRotationScaleEuler(new Vector3f(partPose.x(), partPose.y(), partPose.z()), new Vector3f(partPose.xRot(), partPose.yRot(), partPose.zRot()), new Vector3f(partPose.xScale(), partPose.yScale(), partPose.zScale()), true);
                                                                                  ^
  symbol:   method y()
  location: variable partPose of type PartPose
/home/runner/work/locomotion/locomotion/versions/1.21.1/build/generated/legacy-sources/com/trainguy9512/locomotion/animation/joint/JointChannel.java:29: error: cannot find symbol
        return ofTranslationRotationScaleEuler(new Vector3f(partPose.x(), partPose.y(), partPose.z()), new Vector3f(partPose.xRot(), partPose.yRot(), partPose.zRot()), new Vector3f(partPose.xScale(), partPose.yScale(), partPose.zScale()), true);
                                                                                                ^
  symbol:   method z()
  location: variable partPose of type PartPose
/home/runner/work/locomotion/locomotion/versions/1.21.1/build/generated/legacy-sources/com/trainguy9512/locomotion/animation/joint/JointChannel.java:29: error: cannot find symbol
        return ofTranslationRotationScaleEuler(new Vector3f(partPose.x(), partPose.y(), partPose.z()), new Vector3f(partPose.xRot(), partPose.yRot(), partPose.zRot()), new Vector3f(partPose.xScale(), partPose.yScale(), partPose.zScale()), true);
                                                                                                                            ^
  symbol:   method xRot()
  location: variable partPose of type PartPose
/home/runner/work/locomotion/locomotion/versions/1.21.1/build/generated/legacy-sources/com/trainguy9512/locomotion/animation/joint/JointChannel.java:29: error: cannot find symbol
        return ofTranslationRotationScaleEuler(new Vector3f(partPose.x(), partPose.y(), partPose.z()), new Vector3f(partPose.xRot(), partPose.yRot(), partPose.zRot()), new Vector3f(partPose.xScale(), partPose.yScale(), partPose.zScale()), true);
                                                                                                                                             ^
  symbol:   method yRot()
  location: variable partPose of type PartPose
/home/runner/work/locomotion/locomotion/versions/1.21.1/build/generated/legacy-sources/com/trainguy9512/locomotion/animation/joint/JointChannel.java:29: error: cannot find symbol
        return ofTranslationRotationScaleEuler(new Vector3f(partPose.x(), partPose.y(), partPose.z()), new Vector3f(partPose.xRot(), partPose.yRot(), partPose.zRot()), new Vector3f(partPose.xScale(), partPose.yScale(), partPose.zScale()), true);
                                                                                                                                                              ^
  symbol:   method zRot()
  location: variable partPose of type PartPose
/home/runner/work/locomotion/locomotion/versions/1.21.1/build/generated/legacy-sources/com/trainguy9512/locomotion/animation/joint/JointChannel.java:29: error: cannot find symbol
        return ofTranslationRotationScaleEuler(new Vector3f(partPose.x(), partPose.y(), partPose.z()), new Vector3f(partPose.xRot(), partPose.yRot(), partPose.zRot()), new Vector3f(partPose.xScale(), partPose.yScale(), partPose.zScale()), true);
                                                                                                                                                                                             ^
  symbol:   method xScale()
  location: variable partPose of type PartPose
/home/runner/work/locomotion/locomotion/versions/1.21.1/build/generated/legacy-sources/com/trainguy9512/locomotion/animation/joint/JointChannel.java:29: error: cannot find symbol
        return ofTranslationRotationScaleEuler(new Vector3f(partPose.x(), partPose.y(), partPose.z()), new Vector3f(partPose.xRot(), partPose.yRot(), partPose.zRot()), new Vector3f(partPose.xScale(), partPose.yScale(), partPose.zScale()), true);
                                                                                                                                                                                                                ^
  symbol:   method yScale()
  location: variable partPose of type PartPose
/home/runner/work/locomotion/locomotion/versions/1.21.1/build/generated/legacy-sources/com/trainguy9512/locomotion/animation/joint/JointChannel.java:29: error: cannot find symbol
        return ofTranslationRotationScaleEuler(new Vector3f(partPose.x(), partPose.y(), partPose.z()), new Vector3f(partPose.xRot(), partPose.yRot(), partPose.zRot()), new Vector3f(partPose.xScale(), partPose.yScale(), partPose.zScale()), true);
                                                                                                                                                                                                                                   ^
  symbol:   method zScale()
  location: variable partPose of type PartPose
/home/runner/work/locomotion/locomotion/versions/1.21.1/build/generated/legacy-sources/com/trainguy9512/locomotion/resource/json/PartPoseDeserializer.java:45: error: constructor PartPose in class PartPose cannot be applied to given types;
        return new PartPose(
               ^
  required: float,float,float,float,float,float
  found:    float,float,float,float,float,float,float,float,float
  reason: actual and formal argument lists differ in length
/home/runner/work/locomotion/locomotion/versions/1.21.1/build/generated/legacy-sources/com/trainguy9512/locomotion/resource/json/GsonConfiguration.java:20: error: cannot find symbol
                .setStrictness(Strictness.STRICT)
                               ^
  symbol:   variable Strictness
  location: class GsonConfiguration
/home/runner/work/locomotion/locomotion/versions/1.21.1/build/generated/legacy-sources/com/trainguy9512/locomotion/animation/animator/JointAnimatorDispatcher.java:156: error: cannot find symbol
        return cameraBlockPos.distChessboard(blockPos) < radius;
                             ^
  symbol:   method distChessboard(BlockPos)
  location: variable cameraBlockPos of type BlockPos
/home/runner/work/locomotion/locomotion/versions/1.21.1/build/generated/legacy-sources/com/trainguy9512/locomotion/mixin/render/MixinFishingHookRenderer.java:76: error: method getXRot in class Entity cannot be applied to given types;
                    float playerRotationX = player.getXRot(partialTick) * Mth.DEG_TO_RAD;
                                                  ^
  required: no arguments
  found:    float
  reason: actual and formal argument lists differ in length
/home/runner/work/locomotion/locomotion/versions/1.21.1/build/generated/legacy-sources/com/trainguy9512/locomotion/mixin/render/MixinFishingHookRenderer.java:77: error: method getYRot in class Entity cannot be applied to given types;
                    float playerRotationY = player.getYRot(partialTick) * -Mth.DEG_TO_RAD;
                                                  ^
  required: no arguments
  found:    float
  reason: actual and formal argument lists differ in length
/home/runner/work/locomotion/locomotion/versions/1.21.1/build/generated/legacy-sources/com/trainguy9512/locomotion/mixin/render/MixinLayerDefinitions.java:41: error: cannot find symbol
                FileWriter writer = new FileWriter(filePath + "/models/" + location.model().toDebugFileName() + "_" + location.layer() + ".json");
                                                                                   ^
  symbol:   method model()
  location: variable location of type ModelLayerLocation
/home/runner/work/locomotion/locomotion/versions/1.21.1/build/generated/legacy-sources/com/trainguy9512/locomotion/mixin/render/MixinLayerDefinitions.java:41: error: cannot find symbol
                FileWriter writer = new FileWriter(filePath + "/models/" + location.model().toDebugFileName() + "_" + location.layer() + ".json");
                                                                                                                              ^
  symbol:   method layer()
  location: variable location of type ModelLayerLocation
/home/runner/work/locomotion/locomotion/versions/1.21.1/build/generated/legacy-sources/com/trainguy9512/locomotion/animation/animator/entity/firstperson/FirstPersonJointAnimator.java:309: error: cannot find symbol
                && !player.isMobilityRestricted()
                          ^
  symbol:   method isMobilityRestricted()
  location: variable player of type LocalPlayer
17 errors

> Task :1.21.1:compileJava FAILED
> Task :1.21.1:processResources
> Task :neoforge:1.21.1:processResources
> Task :neoforge:1.21.1:processIncludeJars
> Task :neoforge:1.21.1:sourcesJar
> Task :neoforge:1.21.1:processTestResources NO-SOURCE
> Task :neoforge:1.21.1:validateAccessWidener NO-SOURCE
> Task :fabric:1.21.11:compileJava
> Task :fabric:1.21.11:processResources
> Task :fabric:1.21.11:classes
> Task :fabric:1.21.11:jar
> Task :fabric:1.21.11:processIncludeJars

> Task :1.21.11:transformProductionFabric
[Architectury Transformer] Read classpath in 1.309 s
[Architectury Transformer] Transformed jar with 5 transformer(s) in 1.459 s

> Task :fabric:1.21.11:shadowJar FAILED
ex
org.gradle.api.GradleException: Could not add META-INF to ZIP '/home/runner/work/locomotion/locomotion/fabric/versions/1.21.11/build/libs/locomotion-fabric-0.1.12+1.21.11-playtesting-dev-shadow.jar'.
	at java.base/jdk.internal.reflect.DirectConstructorHandleAccessor.newInstance(DirectConstructorHandleAccessor.java:62)
	at java.base/java.lang.reflect.Constructor.newInstanceWithCaller(Constructor.java:502)
	at java.base/java.lang.reflect.Constructor.newInstance(Constructor.java:486)
	at org.codehaus.groovy.reflection.CachedConstructor.invoke(CachedConstructor.java:73)
	at org.codehaus.groovy.runtime.callsite.ConstructorSite$ConstructorSiteNoUnwrapNoCoerce.callConstructor(ConstructorSite.java:108)
	at org.codehaus.groovy.runtime.callsite.AbstractCallSite.callConstructor(AbstractCallSite.java:286)
	at com.github.jengelman.gradle.plugins.shadow.tasks.ShadowCopyAction$StreamAction.visitDir(ShadowCopyAction.groovy:408)
	at java.base/jdk.internal.reflect.DirectMethodHandleAccessor.invoke(DirectMethodHandleAccessor.java:103)
	at java.base/java.lang.reflect.Method.invoke(Method.java:580)
	at org.codehaus.groovy.runtime.callsite.PlainObjectMetaMethodSite.doInvoke(PlainObjectMetaMethodSite.java:43)
	at org.codehaus.groovy.runtime.callsite.PogoMetaMethodSite$PogoCachedMethodSiteNoUnwrapNoCoerce.invoke(PogoMetaMethodSite.java:198)
	at org.codehaus.groovy.runtime.callsite.PogoMetaMethodSite.callCurrent(PogoMetaMethodSite.java:62)
	at org.codehaus.groovy.runtime.callsite.AbstractCallSite.callCurrent(AbstractCallSite.java:185)
	at com.github.jengelman.gradle.plugins.shadow.tasks.ShadowCopyAction$BaseStreamAction.processFile(ShadowCopyAction.groovy:179)
	at org.gradle.api.internal.file.copy.NormalizingCopyActionDecorator.maybeVisit(NormalizingCopyActionDecorator.java:104)
	at org.gradle.api.internal.file.copy.NormalizingCopyActionDecorator.lambda$execute$0(NormalizingCopyActionDecorator.java:71)
	at org.gradle.api.internal.file.copy.DuplicateHandlingCopyActionDecorator.lambda$execute$0(DuplicateHandlingCopyActionDecorator.java:70)
	at org.gradle.api.internal.file.copy.CopyFileVisitorImpl.processFile(CopyFileVisitorImpl.java:68)
	at org.gradle.api.internal.file.copy.CopyFileVisitorImpl.visitFile(CopyFileVisitorImpl.java:52)
	at org.gradle.api.internal.file.collections.FilteredMinimalFileTree$2.visitFile(FilteredMinimalFileTree.java:95)
	at org.gradle.api.internal.file.collections.GeneratedSingletonFileTree.visit(GeneratedSingletonFileTree.java:110)
	at org.gradle.api.internal.file.collections.FilteredMinimalFileTree.visit(FilteredMinimalFileTree.java:84)
	at org.gradle.api.internal.file.collections.FileTreeAdapter.visit(FileTreeAdapter.java:110)
	at org.gradle.api.internal.file.CompositeFileTree.visit(CompositeFileTree.java:108)
	at org.gradle.api.internal.file.copy.CopySpecActionImpl.execute(CopySpecActionImpl.java:43)
	at org.gradle.api.internal.file.copy.CopySpecActionImpl.execute(CopySpecActionImpl.java:25)
	at org.gradle.api.internal.file.copy.DefaultCopySpec$DefaultCopySpecResolver.walk(DefaultCopySpec.java:808)
	at org.gradle.api.internal.file.copy.DefaultCopySpec$DefaultCopySpecResolver.walk(DefaultCopySpec.java:810)
	at org.gradle.api.internal.file.copy.DefaultCopySpec$DefaultCopySpecResolver.walk(DefaultCopySpec.java:810)
	at org.gradle.api.internal.file.copy.DefaultCopySpec.walk(DefaultCopySpec.java:543)
	at org.gradle.api.internal.file.copy.CopySpecBackedCopyActionProcessingStream.process(CopySpecBackedCopyActionProcessingStream.java:42)
	at org.gradle.api.internal.file.copy.DuplicateHandlingCopyActionDecorator.lambda$execute$1(DuplicateHandlingCopyActionDecorator.java:50)
	at org.gradle.api.internal.file.copy.NormalizingCopyActionDecorator.lambda$execute$1(NormalizingCopyActionDecorator.java:64)
	at org.gradle.api.internal.file.copy.CopyActionProcessingStream$process.call(Unknown Source)
	at com.github.jengelman.gradle.plugins.shadow.tasks.ShadowCopyAction$2.execute(ShadowCopyAction.groovy:108)
	at com.github.jengelman.gradle.plugins.shadow.tasks.ShadowCopyAction$2$execute.call(Unknown Source)
	at com.github.jengelman.gradle.plugins.shadow.tasks.ShadowCopyAction.withResource(ShadowCopyAction.groovy:150)
	at java.base/jdk.internal.reflect.DirectMethodHandleAccessor.invoke(DirectMethodHandleAccessor.java:103)
	at java.base/java.lang.reflect.Method.invoke(Method.java:580)
	at org.codehaus.groovy.reflection.CachedMethod.invoke(CachedMethod.java:343)
	at org.codehaus.groovy.runtime.callsite.StaticMetaMethodSite$StaticMetaMethodSiteNoUnwrapNoCoerce.invoke(StaticMetaMethodSite.java:153)
	at org.codehaus.groovy.runtime.callsite.StaticMetaMethodSite.callStatic(StaticMetaMethodSite.java:102)
	at org.codehaus.groovy.runtime.callsite.AbstractCallSite.callStatic(AbstractCallSite.java:240)
	at com.github.jengelman.gradle.plugins.shadow.tasks.ShadowCopyAction.execute(ShadowCopyAction.groovy:105)
	at org.gradle.api.internal.file.copy.NormalizingCopyActionDecorator.execute(NormalizingCopyActionDecorator.java:63)
	at org.gradle.api.internal.file.copy.DuplicateHandlingCopyActionDecorator.execute(DuplicateHandlingCopyActionDecorator.java:50)
	at org.gradle.api.internal.file.copy.CopyActionExecuter.execute(CopyActionExecuter.java:48)
	at org.gradle.api.tasks.AbstractCopyTask.copy(AbstractCopyTask.java:146)
	at com.github.jengelman.gradle.plugins.shadow.tasks.ShadowJar.copy(ShadowJar.java:161)
	at java.base/jdk.internal.reflect.DirectMethodHandleAccessor.invoke(DirectMethodHandleAccessor.java:103)
	at java.base/java.lang.reflect.Method.invoke(Method.java:580)
	at org.gradle.internal.reflect.JavaMethod.invoke(JavaMethod.java:125)
	at org.gradle.api.internal.project.taskfactory.StandardTaskAction.doExecute(StandardTaskAction.java:58)
	at org.gradle.api.internal.project.taskfactory.StandardTaskAction.execute(StandardTaskAction.java:51)
	at org.gradle.api.internal.project.taskfactory.StandardTaskAction.execute(StandardTaskAction.java:29)
	at org.gradle.api.internal.tasks.execution.TaskExecution$3.run(TaskExecution.java:259)
	at org.gradle.internal.operations.DefaultBuildOperationRunner$1.execute(DefaultBuildOperationRunner.java:29)
	at org.gradle.internal.operations.DefaultBuildOperationRunner$1.execute(DefaultBuildOperationRunner.java:26)
	at org.gradle.internal.operations.DefaultBuildOperationRunner$2.execute(DefaultBuildOperationRunner.java:66)
	at org.gradle.internal.operations.DefaultBuildOperationRunner$2.execute(DefaultBuildOperationRunner.java:59)
	at org.gradle.internal.operations.DefaultBuildOperationRunner.execute(DefaultBuildOperationRunner.java:166)
	at org.gradle.internal.operations.DefaultBuildOperationRunner.execute(DefaultBuildOperationRunner.java:59)
	at org.gradle.internal.operations.DefaultBuildOperationRunner.run(DefaultBuildOperationRunner.java:47)
	at org.gradle.api.internal.tasks.execution.TaskExecution.executeAction(TaskExecution.java:244)
	at org.gradle.api.internal.tasks.execution.TaskExecution.executeActions(TaskExecution.java:227)
	at org.gradle.api.internal.tasks.execution.TaskExecution.executeWithPreviousOutputFiles(TaskExecution.java:210)
	at org.gradle.api.internal.tasks.execution.TaskExecution.execute(TaskExecution.java:176)
	at org.gradle.internal.execution.steps.ExecuteStep.executeInternal(ExecuteStep.java:110)
	at org.gradle.internal.execution.steps.ExecuteStep.access$000(ExecuteStep.java:47)
	at org.gradle.internal.execution.steps.ExecuteStep$1.call(ExecuteStep.java:64)
	at org.gradle.internal.execution.steps.ExecuteStep$1.call(ExecuteStep.java:61)
	at org.gradle.internal.operations.DefaultBuildOperationRunner$CallableBuildOperationWorker.execute(DefaultBuildOperationRunner.java:209)
	at org.gradle.internal.operations.DefaultBuildOperationRunner$CallableBuildOperationWorker.execute(DefaultBuildOperationRunner.java:204)
	at org.gradle.internal.operations.DefaultBuildOperationRunner$2.execute(DefaultBuildOperationRunner.java:66)
	at org.gradle.internal.operations.DefaultBuildOperationRunner$2.execute(DefaultBuildOperationRunner.java:59)
	at org.gradle.internal.operations.DefaultBuildOperationRunner.execute(DefaultBuildOperationRunner.java:166)
	at org.gradle.internal.operations.DefaultBuildOperationRunner.execute(DefaultBuildOperationRunner.java:59)
	at org.gradle.internal.operations.DefaultBuildOperationRunner.call(DefaultBuildOperationRunner.java:53)
	at org.gradle.internal.execution.steps.ExecuteStep.execute(ExecuteStep.java:61)
	at org.gradle.internal.execution.steps.ExecuteStep.execute(ExecuteStep.java:47)
	at org.gradle.internal.execution.steps.CancelExecutionStep.execute(CancelExecutionStep.java:42)
	at org.gradle.internal.execution.steps.TimeoutStep.executeWithoutTimeout(TimeoutStep.java:75)
	at org.gradle.internal.execution.steps.TimeoutStep.execute(TimeoutStep.java:55)
	at org.gradle.internal.execution.steps.PreCreateOutputParentsStep.execute(PreCreateOutputParentsStep.java:51)
	at org.gradle.internal.execution.steps.PreCreateOutputParentsStep.execute(PreCreateOutputParentsStep.java:29)
	at org.gradle.internal.execution.steps.RemovePreviousOutputsStep.executeMutable(RemovePreviousOutputsStep.java:70)
	at org.gradle.internal.execution.steps.RemovePreviousOutputsStep.executeMutable(RemovePreviousOutputsStep.java:40)
	at org.gradle.internal.execution.steps.MutableStep.execute(MutableStep.java:25)
	at org.gradle.internal.execution.steps.BroadcastChangingOutputsStep.execute(BroadcastChangingOutputsStep.java:62)
	at org.gradle.internal.execution.steps.BroadcastChangingOutputsStep.execute(BroadcastChangingOutputsStep.java:27)
	at org.gradle.internal.execution.steps.CaptureOutputsAfterExecutionStep.execute(CaptureOutputsAfterExecutionStep.java:69)
	at org.gradle.internal.execution.steps.CaptureOutputsAfterExecutionStep.execute(CaptureOutputsAfterExecutionStep.java:46)
	at org.gradle.internal.execution.steps.ResolveInputChangesStep.executeMutable(ResolveInputChangesStep.java:39)
	at org.gradle.internal.execution.steps.ResolveInputChangesStep.executeMutable(ResolveInputChangesStep.java:28)
	at org.gradle.internal.execution.steps.MutableStep.execute(MutableStep.java:25)
	at org.gradle.internal.execution.steps.BuildCacheStep.executeWithoutCache(BuildCacheStep.java:192)
	at org.gradle.internal.execution.steps.BuildCacheStep.lambda$execute$1(BuildCacheStep.java:76)
	at org.gradle.internal.Either$Right.fold(Either.java:176)
	at org.gradle.internal.execution.caching.CachingState.fold(CachingState.java:62)
	at org.gradle.internal.execution.steps.BuildCacheStep.execute(BuildCacheStep.java:74)
	at org.gradle.internal.execution.steps.BuildCacheStep.execute(BuildCacheStep.java:49)
	at org.gradle.internal.execution.steps.StoreExecutionStateStep.execute(StoreExecutionStateStep.java:46)
	at org.gradle.internal.execution.steps.StoreExecutionStateStep.execute(StoreExecutionStateStep.java:35)
	at org.gradle.internal.execution.steps.SkipUpToDateStep.executeBecause(SkipUpToDateStep.java:75)
	at org.gradle.internal.execution.steps.SkipUpToDateStep.lambda$execute$2(SkipUpToDateStep.java:53)
	at java.base/java.util.Optional.orElseGet(Optional.java:364)
	at org.gradle.internal.execution.steps.SkipUpToDateStep.execute(SkipUpToDateStep.java:53)
	at org.gradle.internal.execution.steps.SkipUpToDateStep.execute(SkipUpToDateStep.java:35)
	at org.gradle.internal.execution.steps.legacy.MarkSnapshottingInputsFinishedStep.execute(MarkSnapshottingInputsFinishedStep.java:37)
	at org.gradle.internal.execution.steps.legacy.MarkSnapshottingInputsFinishedStep.execute(MarkSnapshottingInputsFinishedStep.java:27)
	at org.gradle.internal.execution.steps.ResolveIncrementalCachingStateStep.executeDelegate(ResolveIncrementalCachingStateStep.java:49)
	at org.gradle.internal.execution.steps.ResolveIncrementalCachingStateStep.executeDelegate(ResolveIncrementalCachingStateStep.java:27)
	at org.gradle.internal.execution.steps.AbstractResolveCachingStateStep.execute(AbstractResolveCachingStateStep.java:71)
	at org.gradle.internal.execution.steps.AbstractResolveCachingStateStep.execute(AbstractResolveCachingStateStep.java:39)
	at org.gradle.internal.execution.steps.ResolveChangesStep.executeMutable(ResolveChangesStep.java:63)
	at org.gradle.internal.execution.steps.ResolveChangesStep.executeMutable(ResolveChangesStep.java:34)
	at org.gradle.internal.execution.steps.MutableStep.execute(MutableStep.java:25)
	at org.gradle.internal.execution.steps.ValidateStep.execute(ValidateStep.java:64)
	at org.gradle.internal.execution.steps.ValidateStep.execute(ValidateStep.java:42)
	at org.gradle.internal.execution.steps.AbstractCaptureStateBeforeExecutionStep.execute(AbstractCaptureStateBeforeExecutionStep.java:77)
	at org.gradle.internal.execution.steps.AbstractCaptureStateBeforeExecutionStep.execute(AbstractCaptureStateBeforeExecutionStep.java:46)
	at org.gradle.internal.execution.steps.AbstractSkipEmptyWorkStep.executeWithNonEmptySources(AbstractSkipEmptyWorkStep.java:133)
	at org.gradle.internal.execution.steps.AbstractSkipEmptyWorkStep.execute(AbstractSkipEmptyWorkStep.java:64)
	at org.gradle.internal.execution.steps.AbstractSkipEmptyWorkStep.execute(AbstractSkipEmptyWorkStep.java:36)
	at org.gradle.internal.execution.steps.legacy.MarkSnapshottingInputsStartedStep.execute(MarkSnapshottingInputsStartedStep.java:38)
	at org.gradle.internal.execution.steps.LoadPreviousExecutionStateStep.execute(LoadPreviousExecutionStateStep.java:36)
	at org.gradle.internal.execution.steps.LoadPreviousExecutionStateStep.execute(LoadPreviousExecutionStateStep.java:23)
	at org.gradle.internal.execution.steps.HandleStaleOutputsStep.executeMutable(HandleStaleOutputsStep.java:77)
	at org.gradle.internal.execution.steps.HandleStaleOutputsStep.executeMutable(HandleStaleOutputsStep.java:43)
	at org.gradle.internal.execution.steps.MutableStep.execute(MutableStep.java:25)
	at org.gradle.internal.execution.steps.AssignMutableWorkspaceStep.lambda$execute$0(AssignMutableWorkspaceStep.java:35)
	at org.gradle.api.internal.tasks.execution.TaskExecution$4.withWorkspace(TaskExecution.java:305)
	at org.gradle.internal.execution.steps.AssignMutableWorkspaceStep.execute(AssignMutableWorkspaceStep.java:31)
	at org.gradle.internal.execution.steps.AssignMutableWorkspaceStep.execute(AssignMutableWorkspaceStep.java:22)
	at org.gradle.internal.execution.steps.ChoosePipelineStep.execute(ChoosePipelineStep.java:40)
	at org.gradle.internal.execution.steps.ChoosePipelineStep.execute(ChoosePipelineStep.java:23)
	at org.gradle.internal.execution.steps.ExecuteWorkBuildOperationFiringStep.lambda$execute$2(ExecuteWorkBuildOperationFiringStep.java:67)
	at java.base/java.util.Optional.orElseGet(Optional.java:364)
	at org.gradle.internal.execution.steps.ExecuteWorkBuildOperationFiringStep.execute(ExecuteWorkBuildOperationFiringStep.java:67)
	at org.gradle.internal.execution.steps.ExecuteWorkBuildOperationFiringStep.execute(ExecuteWorkBuildOperationFiringStep.java:39)
	at org.gradle.internal.execution.steps.IdentityCacheStep.execute(IdentityCacheStep.java:46)
	at org.gradle.internal.execution.steps.IdentityCacheStep.execute(IdentityCacheStep.java:34)
	at org.gradle.internal.execution.steps.IdentifyStep.execute(IdentifyStep.java:44)
	at org.gradle.internal.execution.steps.IdentifyStep.execute(IdentifyStep.java:31)
	at org.gradle.internal.execution.impl.DefaultExecutionEngine$1.execute(DefaultExecutionEngine.java:68)
	at org.gradle.api.internal.tasks.execution.ExecuteActionsTaskExecuter.executeIfValid(ExecuteActionsTaskExecuter.java:132)
	at org.gradle.api.internal.tasks.execution.ExecuteActionsTaskExecuter.execute(ExecuteActionsTaskExecuter.java:121)
	at org.gradle.api.internal.tasks.execution.ProblemsTaskPathTrackingTaskExecuter.execute(ProblemsTaskPathTrackingTaskExecuter.java:41)
	at org.gradle.api.internal.tasks.execution.FinalizePropertiesTaskExecuter.execute(FinalizePropertiesTaskExecuter.java:46)
	at org.gradle.api.internal.tasks.execution.ResolveTaskExecutionModeExecuter.execute(ResolveTaskExecutionModeExecuter.java:51)
	at org.gradle.api.internal.tasks.execution.SkipTaskWithNoActionsExecuter.execute(SkipTaskWithNoActionsExecuter.java:57)
	at org.gradle.api.internal.tasks.execution.SkipOnlyIfTaskExecuter.execute(SkipOnlyIfTaskExecuter.java:74)
	at org.gradle.api.internal.tasks.execution.CatchExceptionTaskExecuter.execute(CatchExceptionTaskExecuter.java:36)
	at org.gradle.api.internal.tasks.execution.EventFiringTaskExecuter$1.executeTask(EventFiringTaskExecuter.java:77)
	at org.gradle.api.internal.tasks.execution.EventFiringTaskExecuter$1.call(EventFiringTaskExecuter.java:55)
	at org.gradle.api.internal.tasks.execution.EventFiringTaskExecuter$1.call(EventFiringTaskExecuter.java:52)
	at org.gradle.internal.operations.DefaultBuildOperationRunner$CallableBuildOperationWorker.execute(DefaultBuildOperationRunner.java:209)
	at org.gradle.internal.operations.DefaultBuildOperationRunner$CallableBuildOperationWorker.execute(DefaultBuildOperationRunner.java:204)
	at org.gradle.internal.operations.DefaultBuildOperationRunner$2.execute(DefaultBuildOperationRunner.java:66)
	at org.gradle.internal.operations.DefaultBuildOperationRunner$2.execute(DefaultBuildOperationRunner.java:59)
	at org.gradle.internal.operations.DefaultBuildOperationRunner.execute(DefaultBuildOperationRunner.java:166)
	at org.gradle.internal.operations.DefaultBuildOperationRunner.execute(DefaultBuildOperationRunner.java:59)
	at org.gradle.internal.operations.DefaultBuildOperationRunner.call(DefaultBuildOperationRunner.java:53)
	at org.gradle.api.internal.tasks.execution.EventFiringTaskExecuter.execute(EventFiringTaskExecuter.java:52)
	at org.gradle.execution.plan.DefaultNodeExecutor.executeLocalTaskNode(DefaultNodeExecutor.java:55)
	at org.gradle.execution.plan.DefaultNodeExecutor.execute(DefaultNodeExecutor.java:34)
	at org.gradle.execution.taskgraph.DefaultTaskExecutionGraph$InvokeNodeExecutorsAction.execute(DefaultTaskExecutionGraph.java:355)
	at org.gradle.execution.taskgraph.DefaultTaskExecutionGraph$InvokeNodeExecutorsAction.execute(DefaultTaskExecutionGraph.java:343)
	at org.gradle.execution.taskgraph.DefaultTaskExecutionGraph$BuildOperationAwareExecutionAction.lambda$execute$0(DefaultTaskExecutionGraph.java:339)
	at org.gradle.internal.operations.CurrentBuildOperationRef.with(CurrentBuildOperationRef.java:84)
	at org.gradle.execution.taskgraph.DefaultTaskExecutionGraph$BuildOperationAwareExecutionAction.execute(DefaultTaskExecutionGraph.java:339)
	at org.gradle.execution.taskgraph.DefaultTaskExecutionGraph$BuildOperationAwareExecutionAction.execute(DefaultTaskExecutionGraph.java:328)
	at org.gradle.execution.plan.DefaultPlanExecutor$ExecutorWorker.execute(DefaultPlanExecutor.java:459)
	at org.gradle.execution.plan.DefaultPlanExecutor$ExecutorWorker.run(DefaultPlanExecutor.java:376)
	at org.gradle.internal.concurrent.ExecutorPolicy$CatchAndRecordFailures.onExecute(ExecutorPolicy.java:64)
	at org.gradle.internal.concurrent.AbstractManagedExecutor$1.run(AbstractManagedExecutor.java:47)
	at java.base/java.util.concurrent.ThreadPoolExecutor.runWorker(ThreadPoolExecutor.java:1144)
	at java.base/java.util.concurrent.ThreadPoolExecutor$Worker.run(ThreadPoolExecutor.java:642)
	at java.base/java.lang.Thread.run(Thread.java:1583)
Caused by: groovy.lang.MissingPropertyException: No such property: mode for class: org.gradle.api.internal.file.copy.NormalizingCopyActionDecorator$StubbedFileCopyDetails
Possible solutions: file, name, size, chmod
	at org.codehaus.groovy.runtime.ScriptBytecodeAdapter.unwrap(ScriptBytecodeAdapter.java:68)
	at org.codehaus.groovy.runtime.callsite.GetEffectivePojoPropertySite.getProperty(GetEffectivePojoPropertySite.java:67)
	at org.codehaus.groovy.runtime.callsite.AbstractCallSite.callGetProperty(AbstractCallSite.java:329)
	at com.github.jengelman.gradle.plugins.shadow.tasks.ShadowCopyAction$StreamAction.visitDir(ShadowCopyAction.groovy:403)
	... 172 more

> Task :fabric:1.21.11:sourcesJar

[Incubating] Problems report is available at: file:///home/runner/work/locomotion/locomotion/build/reports/problems/problems-report.html

FAILURE: Build completed with 3 failures.

1: Task failed with an exception.
-----------
* What went wrong:
Execution failed for task ':neoforge:1.21.11:shadowJar'.
> Could not add META-INF to ZIP '/home/runner/work/locomotion/locomotion/neoforge/versions/1.21.11/build/libs/locomotion-neoforge-0.1.12+1.21.11-playtesting-dev-shadow.jar'.

* Try:
> Run with --info or --debug option to get more log output.
> Run with --scan to get full insights from a Build Scan (powered by Develocity).
> Get more help at https://help.gradle.org.

* Exception is:
org.gradle.api.tasks.TaskExecutionException: Execution failed for task ':neoforge:1.21.11:shadowJar'.
	at org.gradle.api.internal.tasks.execution.ExecuteActionsTaskExecuter.lambda$executeIfValid$1(ExecuteActionsTaskExecuter.java:135)
	at org.gradle.internal.Try$Failure.ifSuccessfulOrElse(Try.java:288)
	at org.gradle.api.internal.tasks.execution.ExecuteActionsTaskExecuter.executeIfValid(ExecuteActionsTaskExecuter.java:133)
	at org.gradle.api.internal.tasks.execution.ExecuteActionsTaskExecuter.execute(ExecuteActionsTaskExecuter.java:121)
	at org.gradle.api.internal.tasks.execution.ProblemsTaskPathTrackingTaskExecuter.execute(ProblemsTaskPathTrackingTaskExecuter.java:41)
	at org.gradle.api.internal.tasks.execution.FinalizePropertiesTaskExecuter.execute(FinalizePropertiesTaskExecuter.java:46)
	at org.gradle.api.internal.tasks.execution.ResolveTaskExecutionModeExecuter.execute(ResolveTaskExecutionModeExecuter.java:51)
	at org.gradle.api.internal.tasks.execution.SkipTaskWithNoActionsExecuter.execute(SkipTaskWithNoActionsExecuter.java:57)
	at org.gradle.api.internal.tasks.execution.SkipOnlyIfTaskExecuter.execute(SkipOnlyIfTaskExecuter.java:74)
	at org.gradle.api.internal.tasks.execution.CatchExceptionTaskExecuter.execute(CatchExceptionTaskExecuter.java:36)
	at org.gradle.api.internal.tasks.execution.EventFiringTaskExecuter$1.executeTask(EventFiringTaskExecuter.java:77)
	at org.gradle.api.internal.tasks.execution.EventFiringTaskExecuter$1.call(EventFiringTaskExecuter.java:55)
	at org.gradle.api.internal.tasks.execution.EventFiringTaskExecuter$1.call(EventFiringTaskExecuter.java:52)
	at org.gradle.internal.operations.DefaultBuildOperationRunner$CallableBuildOperationWorker.execute(DefaultBuildOperationRunner.java:209)
	at org.gradle.internal.operations.DefaultBuildOperationRunner$CallableBuildOperationWorker.execute(DefaultBuildOperationRunner.java:204)
	at org.gradle.internal.operations.DefaultBuildOperationRunner$2.execute(DefaultBuildOperationRunner.java:66)
	at org.gradle.internal.operations.DefaultBuildOperationRunner$2.execute(DefaultBuildOperationRunner.java:59)
	at org.gradle.internal.operations.DefaultBuildOperationRunner.execute(DefaultBuildOperationRunner.java:166)
	at org.gradle.internal.operations.DefaultBuildOperationRunner.execute(DefaultBuildOperationRunner.java:59)
	at org.gradle.internal.operations.DefaultBuildOperationRunner.call(DefaultBuildOperationRunner.java:53)
	at org.gradle.api.internal.tasks.execution.EventFiringTaskExecuter.execute(EventFiringTaskExecuter.java:52)
	at org.gradle.execution.plan.DefaultNodeExecutor.executeLocalTaskNode(DefaultNodeExecutor.java:55)
	at org.gradle.execution.plan.DefaultNodeExecutor.execute(DefaultNodeExecutor.java:34)
	at org.gradle.execution.taskgraph.DefaultTaskExecutionGraph$InvokeNodeExecutorsAction.execute(DefaultTaskExecutionGraph.java:355)
	at org.gradle.execution.taskgraph.DefaultTaskExecutionGraph$InvokeNodeExecutorsAction.execute(DefaultTaskExecutionGraph.java:343)
	at org.gradle.execution.taskgraph.DefaultTaskExecutionGraph$BuildOperationAwareExecutionAction.lambda$execute$0(DefaultTaskExecutionGraph.java:339)
	at org.gradle.internal.operations.CurrentBuildOperationRef.with(CurrentBuildOperationRef.java:84)
	at org.gradle.execution.taskgraph.DefaultTaskExecutionGraph$BuildOperationAwareExecutionAction.execute(DefaultTaskExecutionGraph.java:339)
	at org.gradle.execution.taskgraph.DefaultTaskExecutionGraph$BuildOperationAwareExecutionAction.execute(DefaultTaskExecutionGraph.java:328)
	at org.gradle.execution.plan.DefaultPlanExecutor$ExecutorWorker.execute(DefaultPlanExecutor.java:459)
	at org.gradle.execution.plan.DefaultPlanExecutor$ExecutorWorker.run(DefaultPlanExecutor.java:376)
	at org.gradle.execution.plan.DefaultPlanExecutor.process(DefaultPlanExecutor.java:111)
	at org.gradle.execution.taskgraph.DefaultTaskExecutionGraph.executeWithServices(DefaultTaskExecutionGraph.java:146)
	at org.gradle.execution.taskgraph.DefaultTaskExecutionGraph.execute(DefaultTaskExecutionGraph.java:131)
	at org.gradle.execution.SelectedTaskExecutionAction.execute(SelectedTaskExecutionAction.java:35)
	at org.gradle.execution.BuildOperationFiringBuildWorkerExecutor$ExecuteTasks.call(BuildOperationFiringBuildWorkerExecutor.java:54)
	at org.gradle.execution.BuildOperationFiringBuildWorkerExecutor$ExecuteTasks.call(BuildOperationFiringBuildWorkerExecutor.java:43)
	at org.gradle.internal.operations.DefaultBuildOperationRunner$CallableBuildOperationWorker.execute(DefaultBuildOperationRunner.java:209)
	at org.gradle.internal.operations.DefaultBuildOperationRunner$CallableBuildOperationWorker.execute(DefaultBuildOperationRunner.java:204)
	at org.gradle.internal.operations.DefaultBuildOperationRunner$2.execute(DefaultBuildOperationRunner.java:66)
	at org.gradle.internal.operations.DefaultBuildOperationRunner$2.execute(DefaultBuildOperationRunner.java:59)
	at org.gradle.internal.operations.DefaultBuildOperationRunner.execute(DefaultBuildOperationRunner.java:166)
	at org.gradle.internal.operations.DefaultBuildOperationRunner.execute(DefaultBuildOperationRunner.java:59)
	at org.gradle.internal.operations.DefaultBuildOperationRunner.call(DefaultBuildOperationRunner.java:53)
	at org.gradle.execution.BuildOperationFiringBuildWorkerExecutor.execute(BuildOperationFiringBuildWorkerExecutor.java:40)
	at org.gradle.internal.build.DefaultBuildLifecycleController.lambda$executeTasks$10(DefaultBuildLifecycleController.java:313)
	at org.gradle.internal.model.StateTransitionController.doTransition(StateTransitionController.java:276)
	at org.gradle.internal.model.StateTransitionController.lambda$tryTransition$8(StateTransitionController.java:187)
	at org.gradle.internal.work.DefaultSynchronizer.withLock(DefaultSynchronizer.java:45)
	at org.gradle.internal.model.StateTransitionController.tryTransition(StateTransitionController.java:187)
	at org.gradle.internal.build.DefaultBuildLifecycleController.executeTasks(DefaultBuildLifecycleController.java:304)
	at org.gradle.internal.build.DefaultBuildWorkGraphController$DefaultBuildWorkGraph.runWork(DefaultBuildWorkGraphController.java:220)
	at org.gradle.internal.work.DefaultWorkerLeaseService.lambda$withLocksAcquired$0(DefaultWorkerLeaseService.java:269)
	at org.gradle.internal.work.ResourceLockStatistics$1.measure(ResourceLockStatistics.java:42)
	at org.gradle.internal.work.DefaultWorkerLeaseService.withLocksAcquired(DefaultWorkerLeaseService.java:267)
	at org.gradle.internal.work.DefaultWorkerLeaseService.withLocks(DefaultWorkerLeaseService.java:259)
	at org.gradle.internal.work.DefaultWorkerLeaseService.runAsWorkerThread(DefaultWorkerLeaseService.java:127)
	at org.gradle.composite.internal.DefaultBuildController.doRun(DefaultBuildController.java:181)
	at org.gradle.composite.internal.DefaultBuildController.access$000(DefaultBuildController.java:50)
	at org.gradle.composite.internal.DefaultBuildController$BuildOpRunnable.lambda$run$0(DefaultBuildController.java:198)
	at org.gradle.internal.operations.CurrentBuildOperationRef.with(CurrentBuildOperationRef.java:84)
	at org.gradle.composite.internal.DefaultBuildController$BuildOpRunnable.run(DefaultBuildController.java:198)
	at org.gradle.internal.concurrent.ExecutorPolicy$CatchAndRecordFailures.onExecute(ExecutorPolicy.java:64)
	at org.gradle.internal.concurrent.AbstractManagedExecutor$1.run(AbstractManagedExecutor.java:47)
Caused by: org.gradle.api.GradleException: Could not add META-INF to ZIP '/home/runner/work/locomotion/locomotion/neoforge/versions/1.21.11/build/libs/locomotion-neoforge-0.1.12+1.21.11-playtesting-dev-shadow.jar'.
	at org.gradle.internal.classpath.intercept.DefaultCallSiteDecorator$DecoratingCallSite.lambda$callConstructor$2(DefaultCallSiteDecorator.java:248)
	at org.gradle.internal.instrumentation.api.groovybytecode.InvocationImpl.callNext(InvocationImpl.java:63)
	at org.gradle.internal.classpath.intercept.DefaultCallSiteDecorator$1.intercept(DefaultCallSiteDecorator.java:88)
	at org.gradle.internal.classpath.intercept.DefaultCallSiteDecorator$DecoratingCallSite.callConstructor(DefaultCallSiteDecorator.java:247)
	at com.github.jengelman.gradle.plugins.shadow.tasks.ShadowCopyAction$StreamAction.visitDir(ShadowCopyAction.groovy:408)
	at com.github.jengelman.gradle.plugins.shadow.tasks.ShadowCopyAction$BaseStreamAction.processFile(ShadowCopyAction.groovy:179)
	at org.gradle.api.internal.file.copy.NormalizingCopyActionDecorator.maybeVisit(NormalizingCopyActionDecorator.java:104)
	at org.gradle.api.internal.file.copy.NormalizingCopyActionDecorator.lambda$execute$0(NormalizingCopyActionDecorator.java:71)
	at org.gradle.api.internal.file.copy.DuplicateHandlingCopyActionDecorator.lambda$execute$0(DuplicateHandlingCopyActionDecorator.java:70)
	at org.gradle.api.internal.file.copy.CopyFileVisitorImpl.processFile(CopyFileVisitorImpl.java:68)
	at org.gradle.api.internal.file.copy.CopyFileVisitorImpl.visitFile(CopyFileVisitorImpl.java:52)
	at org.gradle.api.internal.file.collections.FilteredMinimalFileTree$2.visitFile(FilteredMinimalFileTree.java:95)
	at org.gradle.api.internal.file.collections.GeneratedSingletonFileTree.visit(GeneratedSingletonFileTree.java:110)
	at org.gradle.api.internal.file.collections.FilteredMinimalFileTree.visit(FilteredMinimalFileTree.java:84)
	at org.gradle.api.internal.file.collections.FileTreeAdapter.visit(FileTreeAdapter.java:110)
	at org.gradle.api.internal.file.CompositeFileTree.visit(CompositeFileTree.java:108)
	at org.gradle.api.internal.file.copy.CopySpecActionImpl.execute(CopySpecActionImpl.java:43)
	at org.gradle.api.internal.file.copy.CopySpecActionImpl.execute(CopySpecActionImpl.java:25)
	at org.gradle.api.internal.file.copy.DefaultCopySpec$DefaultCopySpecResolver.walk(DefaultCopySpec.java:808)
	at org.gradle.api.internal.file.copy.DefaultCopySpec$DefaultCopySpecResolver.walk(DefaultCopySpec.java:810)
	at org.gradle.api.internal.file.copy.DefaultCopySpec$DefaultCopySpecResolver.walk(DefaultCopySpec.java:810)
	at org.gradle.api.internal.file.copy.DefaultCopySpec.walk(DefaultCopySpec.java:543)
	at org.gradle.api.internal.file.copy.CopySpecBackedCopyActionProcessingStream.process(CopySpecBackedCopyActionProcessingStream.java:42)
	at org.gradle.api.internal.file.copy.DuplicateHandlingCopyActionDecorator.lambda$execute$1(DuplicateHandlingCopyActionDecorator.java:50)
	at org.gradle.api.internal.file.copy.NormalizingCopyActionDecorator.lambda$execute$1(NormalizingCopyActionDecorator.java:64)
	at org.gradle.api.internal.file.copy.CopyActionProcessingStream$process.call(Unknown Source)
	at com.github.jengelman.gradle.plugins.shadow.tasks.ShadowCopyAction$2.execute(ShadowCopyAction.groovy:108)
	at com.github.jengelman.gradle.plugins.shadow.tasks.ShadowCopyAction$2$execute.call(Unknown Source)
	at org.gradle.internal.classpath.intercept.DefaultCallSiteDecorator$DecoratingCallSite.lambda$call$0(DefaultCallSiteDecorator.java:224)
	at org.gradle.internal.instrumentation.api.groovybytecode.InvocationImpl.callNext(InvocationImpl.java:63)
	at org.gradle.internal.classpath.Instrumented$ProcessGroovyMethodsExecuteInterceptor.intercept(Instrumented.java:714)
	at org.gradle.internal.classpath.intercept.DefaultCallSiteDecorator$DecoratingCallSite.call(DefaultCallSiteDecorator.java:223)
	at com.github.jengelman.gradle.plugins.shadow.tasks.ShadowCopyAction.withResource(ShadowCopyAction.groovy:150)
	at com.github.jengelman.gradle.plugins.shadow.tasks.ShadowCopyAction.execute(ShadowCopyAction.groovy:105)
	at org.gradle.api.internal.file.copy.NormalizingCopyActionDecorator.execute(NormalizingCopyActionDecorator.java:63)
	at org.gradle.api.internal.file.copy.DuplicateHandlingCopyActionDecorator.execute(DuplicateHandlingCopyActionDecorator.java:50)
	at org.gradle.api.internal.file.copy.CopyActionExecuter.execute(CopyActionExecuter.java:48)
	at org.gradle.api.tasks.AbstractCopyTask.copy(AbstractCopyTask.java:146)
	at com.github.jengelman.gradle.plugins.shadow.tasks.ShadowJar.copy(ShadowJar.java:161)
	at org.gradle.internal.reflect.JavaMethod.invoke(JavaMethod.java:125)
	at org.gradle.api.internal.project.taskfactory.StandardTaskAction.doExecute(StandardTaskAction.java:58)
	at org.gradle.api.internal.project.taskfactory.StandardTaskAction.execute(StandardTaskAction.java:51)
	at org.gradle.api.internal.project.taskfactory.StandardTaskAction.execute(StandardTaskAction.java:29)
	at org.gradle.api.internal.tasks.execution.TaskExecution$3.run(TaskExecution.java:259)
	at org.gradle.internal.operations.DefaultBuildOperationRunner$1.execute(DefaultBuildOperationRunner.java:29)
	at org.gradle.internal.operations.DefaultBuildOperationRunner$1.execute(DefaultBuildOperationRunner.java:26)
	at org.gradle.internal.operations.DefaultBuildOperationRunner$2.execute(DefaultBuildOperationRunner.java:66)
	at org.gradle.internal.operations.DefaultBuildOperationRunner$2.execute(DefaultBuildOperationRunner.java:59)
	at org.gradle.internal.operations.DefaultBuildOperationRunner.execute(DefaultBuildOperationRunner.java:166)
	at org.gradle.internal.operations.DefaultBuildOperationRunner.execute(DefaultBuildOperationRunner.java:59)
	at org.gradle.internal.operations.DefaultBuildOperationRunner.run(DefaultBuildOperationRunner.java:47)
	at org.gradle.api.internal.tasks.execution.TaskExecution.executeAction(TaskExecution.java:244)
	at org.gradle.api.internal.tasks.execution.TaskExecution.executeActions(TaskExecution.java:227)
	at org.gradle.api.internal.tasks.execution.TaskExecution.executeWithPreviousOutputFiles(TaskExecution.java:210)
	at org.gradle.api.internal.tasks.execution.TaskExecution.execute(TaskExecution.java:176)
	at org.gradle.internal.execution.steps.ExecuteStep.executeInternal(ExecuteStep.java:110)
	at org.gradle.internal.execution.steps.ExecuteStep.access$000(ExecuteStep.java:47)
	at org.gradle.internal.execution.steps.ExecuteStep$1.call(ExecuteStep.java:64)
	at org.gradle.internal.execution.steps.ExecuteStep$1.call(ExecuteStep.java:61)
	at org.gradle.internal.operations.DefaultBuildOperationRunner$CallableBuildOperationWorker.execute(DefaultBuildOperationRunner.java:209)
	at org.gradle.internal.operations.DefaultBuildOperationRunner$CallableBuildOperationWorker.execute(DefaultBuildOperationRunner.java:204)
	at org.gradle.internal.operations.DefaultBuildOperationRunner$2.execute(DefaultBuildOperationRunner.java:66)
	at org.gradle.internal.operations.DefaultBuildOperationRunner$2.execute(DefaultBuildOperationRunner.java:59)
	at org.gradle.internal.operations.DefaultBuildOperationRunner.execute(DefaultBuildOperationRunner.java:166)
	at org.gradle.internal.operations.DefaultBuildOperationRunner.execute(DefaultBuildOperationRunner.java:59)
	at org.gradle.internal.operations.DefaultBuildOperationRunner.call(DefaultBuildOperationRunner.java:53)
	at org.gradle.internal.execution.steps.ExecuteStep.execute(ExecuteStep.java:61)
	at org.gradle.internal.execution.steps.ExecuteStep.execute(ExecuteStep.java:47)
	at org.gradle.internal.execution.steps.CancelExecutionStep.execute(CancelExecutionStep.java:42)
	at org.gradle.internal.execution.steps.TimeoutStep.executeWithoutTimeout(TimeoutStep.java:75)
	at org.gradle.internal.execution.steps.TimeoutStep.execute(TimeoutStep.java:55)
	at org.gradle.internal.execution.steps.PreCreateOutputParentsStep.execute(PreCreateOutputParentsStep.java:51)
	at org.gradle.internal.execution.steps.PreCreateOutputParentsStep.execute(PreCreateOutputParentsStep.java:29)
	at org.gradle.internal.execution.steps.RemovePreviousOutputsStep.executeMutable(RemovePreviousOutputsStep.java:70)
	at org.gradle.internal.execution.steps.RemovePreviousOutputsStep.executeMutable(RemovePreviousOutputsStep.java:40)
	at org.gradle.internal.execution.steps.MutableStep.execute(MutableStep.java:25)
	at org.gradle.internal.execution.steps.BroadcastChangingOutputsStep.execute(BroadcastChangingOutputsStep.java:62)
	at org.gradle.internal.execution.steps.BroadcastChangingOutputsStep.execute(BroadcastChangingOutputsStep.java:27)
	at org.gradle.internal.execution.steps.CaptureOutputsAfterExecutionStep.execute(CaptureOutputsAfterExecutionStep.java:69)
	at org.gradle.internal.execution.steps.CaptureOutputsAfterExecutionStep.execute(CaptureOutputsAfterExecutionStep.java:46)
	at org.gradle.internal.execution.steps.ResolveInputChangesStep.executeMutable(ResolveInputChangesStep.java:39)
	at org.gradle.internal.execution.steps.ResolveInputChangesStep.executeMutable(ResolveInputChangesStep.java:28)
	at org.gradle.internal.execution.steps.MutableStep.execute(MutableStep.java:25)
	at org.gradle.internal.execution.steps.BuildCacheStep.executeWithoutCache(BuildCacheStep.java:192)
	at org.gradle.internal.execution.steps.BuildCacheStep.lambda$execute$1(BuildCacheStep.java:76)
	at org.gradle.internal.Either$Right.fold(Either.java:176)
	at org.gradle.internal.execution.caching.CachingState.fold(CachingState.java:62)
	at org.gradle.internal.execution.steps.BuildCacheStep.execute(BuildCacheStep.java:74)
	at org.gradle.internal.execution.steps.BuildCacheStep.execute(BuildCacheStep.java:49)
	at org.gradle.internal.execution.steps.StoreExecutionStateStep.execute(StoreExecutionStateStep.java:46)
	at org.gradle.internal.execution.steps.StoreExecutionStateStep.execute(StoreExecutionStateStep.java:35)
	at org.gradle.internal.execution.steps.SkipUpToDateStep.executeBecause(SkipUpToDateStep.java:75)
	at org.gradle.internal.execution.steps.SkipUpToDateStep.lambda$execute$2(SkipUpToDateStep.java:53)
	at org.gradle.internal.execution.steps.SkipUpToDateStep.execute(SkipUpToDateStep.java:53)
	at org.gradle.internal.execution.steps.SkipUpToDateStep.execute(SkipUpToDateStep.java:35)
	at org.gradle.internal.execution.steps.legacy.MarkSnapshottingInputsFinishedStep.execute(MarkSnapshottingInputsFinishedStep.java:37)
	at org.gradle.internal.execution.steps.legacy.MarkSnapshottingInputsFinishedStep.execute(MarkSnapshottingInputsFinishedStep.java:27)
	at org.gradle.internal.execution.steps.ResolveIncrementalCachingStateStep.executeDelegate(ResolveIncrementalCachingStateStep.java:49)
	at org.gradle.internal.execution.steps.ResolveIncrementalCachingStateStep.executeDelegate(ResolveIncrementalCachingStateStep.java:27)
	at org.gradle.internal.execution.steps.AbstractResolveCachingStateStep.execute(AbstractResolveCachingStateStep.java:71)
	at org.gradle.internal.execution.steps.AbstractResolveCachingStateStep.execute(AbstractResolveCachingStateStep.java:39)
	at org.gradle.internal.execution.steps.ResolveChangesStep.executeMutable(ResolveChangesStep.java:63)
	at org.gradle.internal.execution.steps.ResolveChangesStep.executeMutable(ResolveChangesStep.java:34)
	at org.gradle.internal.execution.steps.MutableStep.execute(MutableStep.java:25)
	at org.gradle.internal.execution.steps.ValidateStep.execute(ValidateStep.java:64)
	at org.gradle.internal.execution.steps.ValidateStep.execute(ValidateStep.java:42)
	at org.gradle.internal.execution.steps.AbstractCaptureStateBeforeExecutionStep.execute(AbstractCaptureStateBeforeExecutionStep.java:77)
	at org.gradle.internal.execution.steps.AbstractCaptureStateBeforeExecutionStep.execute(AbstractCaptureStateBeforeExecutionStep.java:46)
	at org.gradle.internal.execution.steps.AbstractSkipEmptyWorkStep.executeWithNonEmptySources(AbstractSkipEmptyWorkStep.java:133)
	at org.gradle.internal.execution.steps.AbstractSkipEmptyWorkStep.execute(AbstractSkipEmptyWorkStep.java:64)
	at org.gradle.internal.execution.steps.AbstractSkipEmptyWorkStep.execute(AbstractSkipEmptyWorkStep.java:36)
	at org.gradle.internal.execution.steps.legacy.MarkSnapshottingInputsStartedStep.execute(MarkSnapshottingInputsStartedStep.java:38)
	at org.gradle.internal.execution.steps.LoadPreviousExecutionStateStep.execute(LoadPreviousExecutionStateStep.java:36)
	at org.gradle.internal.execution.steps.LoadPreviousExecutionStateStep.execute(LoadPreviousExecutionStateStep.java:23)
	at org.gradle.internal.execution.steps.HandleStaleOutputsStep.executeMutable(HandleStaleOutputsStep.java:77)
	at org.gradle.internal.execution.steps.HandleStaleOutputsStep.executeMutable(HandleStaleOutputsStep.java:43)
	at org.gradle.internal.execution.steps.MutableStep.execute(MutableStep.java:25)
	at org.gradle.internal.execution.steps.AssignMutableWorkspaceStep.lambda$execute$0(AssignMutableWorkspaceStep.java:35)
	at org.gradle.api.internal.tasks.execution.TaskExecution$4.withWorkspace(TaskExecution.java:305)
	at org.gradle.internal.execution.steps.AssignMutableWorkspaceStep.execute(AssignMutableWorkspaceStep.java:31)
	at org.gradle.internal.execution.steps.AssignMutableWorkspaceStep.execute(AssignMutableWorkspaceStep.java:22)
	at org.gradle.internal.execution.steps.ChoosePipelineStep.execute(ChoosePipelineStep.java:40)
	at org.gradle.internal.execution.steps.ChoosePipelineStep.execute(ChoosePipelineStep.java:23)
	at org.gradle.internal.execution.steps.ExecuteWorkBuildOperationFiringStep.lambda$execute$2(ExecuteWorkBuildOperationFiringStep.java:67)
	at org.gradle.internal.execution.steps.ExecuteWorkBuildOperationFiringStep.execute(ExecuteWorkBuildOperationFiringStep.java:67)
	at org.gradle.internal.execution.steps.ExecuteWorkBuildOperationFiringStep.execute(ExecuteWorkBuildOperationFiringStep.java:39)
	at org.gradle.internal.execution.steps.IdentityCacheStep.execute(IdentityCacheStep.java:46)
	at org.gradle.internal.execution.steps.IdentityCacheStep.execute(IdentityCacheStep.java:34)
	at org.gradle.internal.execution.steps.IdentifyStep.execute(IdentifyStep.java:44)
	at org.gradle.internal.execution.steps.IdentifyStep.execute(IdentifyStep.java:31)
	at org.gradle.internal.execution.impl.DefaultExecutionEngine$1.execute(DefaultExecutionEngine.java:68)
	at org.gradle.api.internal.tasks.execution.ExecuteActionsTaskExecuter.executeIfValid(ExecuteActionsTaskExecuter.java:132)
	... 61 more
Caused by: groovy.lang.MissingPropertyException: No such property: mode for class: org.gradle.api.internal.file.copy.NormalizingCopyActionDecorator$StubbedFileCopyDetails
Possible solutions: file, name, size, chmod
	at com.github.jengelman.gradle.plugins.shadow.tasks.ShadowCopyAction$StreamAction.visitDir(ShadowCopyAction.groovy:403)
	... 188 more

==============================================================================

2: Task failed with an exception.
-----------
* What went wrong:
Execution failed for task ':1.21.1:compileJava'.
> Compilation failed; see the compiler output below.
  /home/runner/work/locomotion/locomotion/versions/1.21.1/build/generated/legacy-sources/com/trainguy9512/locomotion/resource/json/PartPoseDeserializer.java:45: error: constructor PartPose in class PartPose cannot be applied to given types;
          return new PartPose(
                 ^
    required: float,float,float,float,float,float
    found:    float,float,float,float,float,float,float,float,float
    reason: actual and formal argument lists differ in length
  /home/runner/work/locomotion/locomotion/versions/1.21.1/build/generated/legacy-sources/com/trainguy9512/locomotion/mixin/render/MixinFishingHookRenderer.java:76: error: method getXRot in class Entity cannot be applied to given types;
                      float playerRotationX = player.getXRot(partialTick) * Mth.DEG_TO_RAD;
                                                    ^
    required: no arguments
    found:    float
    reason: actual and formal argument lists differ in length
  /home/runner/work/locomotion/locomotion/versions/1.21.1/build/generated/legacy-sources/com/trainguy9512/locomotion/mixin/render/MixinFishingHookRenderer.java:77: error: method getYRot in class Entity cannot be applied to given types;
                      float playerRotationY = player.getYRot(partialTick) * -Mth.DEG_TO_RAD;
                                                    ^
    required: no arguments
    found:    float
    reason: actual and formal argument lists differ in length
  /home/runner/work/locomotion/locomotion/versions/1.21.1/build/generated/legacy-sources/com/trainguy9512/locomotion/resource/json/GsonConfiguration.java:20: error: cannot find symbol
                  .setStrictness(Strictness.STRICT)
                                 ^
    symbol:   variable Strictness
    location: class GsonConfiguration
  /home/runner/work/locomotion/locomotion/versions/1.21.1/build/generated/legacy-sources/com/trainguy9512/locomotion/animation/joint/JointChannel.java:29: error: cannot find symbol
          return ofTranslationRotationScaleEuler(new Vector3f(partPose.x(), partPose.y(), partPose.z()), new Vector3f(partPose.xRot(), partPose.yRot(), partPose.zRot()), new Vector3f(partPose.xScale(), partPose.yScale(), partPose.zScale()), true);
                                                                      ^
    symbol:   method x()
    location: variable partPose of type PartPose
  /home/runner/work/locomotion/locomotion/versions/1.21.1/build/generated/legacy-sources/com/trainguy9512/locomotion/animation/joint/JointChannel.java:29: error: cannot find symbol
          return ofTranslationRotationScaleEuler(new Vector3f(partPose.x(), partPose.y(), partPose.z()), new Vector3f(partPose.xRot(), partPose.yRot(), partPose.zRot()), new Vector3f(partPose.xScale(), partPose.yScale(), partPose.zScale()), true);
                                                                                    ^
    symbol:   method y()
    location: variable partPose of type PartPose
  /home/runner/work/locomotion/locomotion/versions/1.21.1/build/generated/legacy-sources/com/trainguy9512/locomotion/animation/joint/JointChannel.java:29: error: cannot find symbol
          return ofTranslationRotationScaleEuler(new Vector3f(partPose.x(), partPose.y(), partPose.z()), new Vector3f(partPose.xRot(), partPose.yRot(), partPose.zRot()), new Vector3f(partPose.xScale(), partPose.yScale(), partPose.zScale()), true);
                                                                                                  ^
    symbol:   method z()
    location: variable partPose of type PartPose
  /home/runner/work/locomotion/locomotion/versions/1.21.1/build/generated/legacy-sources/com/trainguy9512/locomotion/animation/joint/JointChannel.java:29: error: cannot find symbol
          return ofTranslationRotationScaleEuler(new Vector3f(partPose.x(), partPose.y(), partPose.z()), new Vector3f(partPose.xRot(), partPose.yRot(), partPose.zRot()), new Vector3f(partPose.xScale(), partPose.yScale(), partPose.zScale()), true);
                                                                                                                              ^
    symbol:   method xRot()
    location: variable partPose of type PartPose
  /home/runner/work/locomotion/locomotion/versions/1.21.1/build/generated/legacy-sources/com/trainguy9512/locomotion/animation/joint/JointChannel.java:29: error: cannot find symbol
          return ofTranslationRotationScaleEuler(new Vector3f(partPose.x(), partPose.y(), partPose.z()), new Vector3f(partPose.xRot(), partPose.yRot(), partPose.zRot()), new Vector3f(partPose.xScale(), partPose.yScale(), partPose.zScale()), true);
                                                                                                                                               ^
    symbol:   method yRot()
    location: variable partPose of type PartPose
  /home/runner/work/locomotion/locomotion/versions/1.21.1/build/generated/legacy-sources/com/trainguy9512/locomotion/animation/joint/JointChannel.java:29: error: cannot find symbol
          return ofTranslationRotationScaleEuler(new Vector3f(partPose.x(), partPose.y(), partPose.z()), new Vector3f(partPose.xRot(), partPose.yRot(), partPose.zRot()), new Vector3f(partPose.xScale(), partPose.yScale(), partPose.zScale()), true);
                                                                                                                                                                ^
    symbol:   method zRot()
    location: variable partPose of type PartPose
  /home/runner/work/locomotion/locomotion/versions/1.21.1/build/generated/legacy-sources/com/trainguy9512/locomotion/animation/joint/JointChannel.java:29: error: cannot find symbol
          return ofTranslationRotationScaleEuler(new Vector3f(partPose.x(), partPose.y(), partPose.z()), new Vector3f(partPose.xRot(), partPose.yRot(), partPose.zRot()), new Vector3f(partPose.xScale(), partPose.yScale(), partPose.zScale()), true);
                                                                                                                                                                                               ^
    symbol:   method xScale()
    location: variable partPose of type PartPose
  /home/runner/work/locomotion/locomotion/versions/1.21.1/build/generated/legacy-sources/com/trainguy9512/locomotion/animation/joint/JointChannel.java:29: error: cannot find symbol
          return ofTranslationRotationScaleEuler(new Vector3f(partPose.x(), partPose.y(), partPose.z()), new Vector3f(partPose.xRot(), partPose.yRot(), partPose.zRot()), new Vector3f(partPose.xScale(), partPose.yScale(), partPose.zScale()), true);
                                                                                                                                                                                                                  ^
    symbol:   method yScale()
    location: variable partPose of type PartPose
  /home/runner/work/locomotion/locomotion/versions/1.21.1/build/generated/legacy-sources/com/trainguy9512/locomotion/animation/joint/JointChannel.java:29: error: cannot find symbol
          return ofTranslationRotationScaleEuler(new Vector3f(partPose.x(), partPose.y(), partPose.z()), new Vector3f(partPose.xRot(), partPose.yRot(), partPose.zRot()), new Vector3f(partPose.xScale(), partPose.yScale(), partPose.zScale()), true);
                                                                                                                                                                                                                                     ^
    symbol:   method zScale()
    location: variable partPose of type PartPose
  /home/runner/work/locomotion/locomotion/versions/1.21.1/build/generated/legacy-sources/com/trainguy9512/locomotion/animation/animator/JointAnimatorDispatcher.java:156: error: cannot find symbol
          return cameraBlockPos.distChessboard(blockPos) < radius;
                               ^
    symbol:   method distChessboard(BlockPos)
    location: variable cameraBlockPos of type BlockPos
  /home/runner/work/locomotion/locomotion/versions/1.21.1/build/generated/legacy-sources/com/trainguy9512/locomotion/mixin/render/MixinLayerDefinitions.java:41: error: cannot find symbol
                  FileWriter writer = new FileWriter(filePath + "/models/" + location.model().toDebugFileName() + "_" + location.layer() + ".json");
                                                                                     ^
    symbol:   method model()
    location: variable location of type ModelLayerLocation
  /home/runner/work/locomotion/locomotion/versions/1.21.1/build/generated/legacy-sources/com/trainguy9512/locomotion/mixin/render/MixinLayerDefinitions.java:41: error: cannot find symbol
                  FileWriter writer = new FileWriter(filePath + "/models/" + location.model().toDebugFileName() + "_" + location.layer() + ".json");
                                                                                                                                ^
    symbol:   method layer()
    location: variable location of type ModelLayerLocation
  /home/runner/work/locomotion/locomotion/versions/1.21.1/build/generated/legacy-sources/com/trainguy9512/locomotion/animation/animator/entity/firstperson/FirstPersonJointAnimator.java:309: error: cannot find symbol
                  && !player.isMobilityRestricted()
                            ^
    symbol:   method isMobilityRestricted()
    location: variable player of type LocalPlayer
  17 errors

* Try:
> Check your code and dependencies to fix the compilation error(s)
> Run with --scan to get full insights from a Build Scan (powered by Develocity).

* Exception is:
org.gradle.api.tasks.TaskExecutionException: Execution failed for task ':1.21.1:compileJava'.
	at org.gradle.api.internal.tasks.execution.ExecuteActionsTaskExecuter.lambda$executeIfValid$1(ExecuteActionsTaskExecuter.java:135)
	at org.gradle.internal.Try$Failure.ifSuccessfulOrElse(Try.java:288)
	at org.gradle.api.internal.tasks.execution.ExecuteActionsTaskExecuter.executeIfValid(ExecuteActionsTaskExecuter.java:133)
	at org.gradle.api.internal.tasks.execution.ExecuteActionsTaskExecuter.execute(ExecuteActionsTaskExecuter.java:121)
	at org.gradle.api.internal.tasks.execution.ProblemsTaskPathTrackingTaskExecuter.execute(ProblemsTaskPathTrackingTaskExecuter.java:41)
	at org.gradle.api.internal.tasks.execution.FinalizePropertiesTaskExecuter.execute(FinalizePropertiesTaskExecuter.java:46)
	at org.gradle.api.internal.tasks.execution.ResolveTaskExecutionModeExecuter.execute(ResolveTaskExecutionModeExecuter.java:51)
	at org.gradle.api.internal.tasks.execution.SkipTaskWithNoActionsExecuter.execute(SkipTaskWithNoActionsExecuter.java:57)
	at org.gradle.api.internal.tasks.execution.SkipOnlyIfTaskExecuter.execute(SkipOnlyIfTaskExecuter.java:74)
	at org.gradle.api.internal.tasks.execution.CatchExceptionTaskExecuter.execute(CatchExceptionTaskExecuter.java:36)
	at org.gradle.api.internal.tasks.execution.EventFiringTaskExecuter$1.executeTask(EventFiringTaskExecuter.java:77)
	at org.gradle.api.internal.tasks.execution.EventFiringTaskExecuter$1.call(EventFiringTaskExecuter.java:55)
	at org.gradle.api.internal.tasks.execution.EventFiringTaskExecuter$1.call(EventFiringTaskExecuter.java:52)
	at org.gradle.internal.operations.DefaultBuildOperationRunner$CallableBuildOperationWorker.execute(DefaultBuildOperationRunner.java:209)
	at org.gradle.internal.operations.DefaultBuildOperationRunner$CallableBuildOperationWorker.execute(DefaultBuildOperationRunner.java:204)
	at org.gradle.internal.operations.DefaultBuildOperationRunner$2.execute(DefaultBuildOperationRunner.java:66)
	at org.gradle.internal.operations.DefaultBuildOperationRunner$2.execute(DefaultBuildOperationRunner.java:59)
	at org.gradle.internal.operations.DefaultBuildOperationRunner.execute(DefaultBuildOperationRunner.java:166)
	at org.gradle.internal.operations.DefaultBuildOperationRunner.execute(DefaultBuildOperationRunner.java:59)
	at org.gradle.internal.operations.DefaultBuildOperationRunner.call(DefaultBuildOperationRunner.java:53)
	at org.gradle.api.internal.tasks.execution.EventFiringTaskExecuter.execute(EventFiringTaskExecuter.java:52)
	at org.gradle.execution.plan.DefaultNodeExecutor.executeLocalTaskNode(DefaultNodeExecutor.java:55)
	at org.gradle.execution.plan.DefaultNodeExecutor.execute(DefaultNodeExecutor.java:34)
	at org.gradle.execution.taskgraph.DefaultTaskExecutionGraph$InvokeNodeExecutorsAction.execute(DefaultTaskExecutionGraph.java:355)
	at org.gradle.execution.taskgraph.DefaultTaskExecutionGraph$InvokeNodeExecutorsAction.execute(DefaultTaskExecutionGraph.java:343)
	at org.gradle.execution.taskgraph.DefaultTaskExecutionGraph$BuildOperationAwareExecutionAction.lambda$execute$0(DefaultTaskExecutionGraph.java:339)
	at org.gradle.internal.operations.CurrentBuildOperationRef.with(CurrentBuildOperationRef.java:84)
	at org.gradle.execution.taskgraph.DefaultTaskExecutionGraph$BuildOperationAwareExecutionAction.execute(DefaultTaskExecutionGraph.java:339)
	at org.gradle.execution.taskgraph.DefaultTaskExecutionGraph$BuildOperationAwareExecutionAction.execute(DefaultTaskExecutionGraph.java:328)
	at org.gradle.execution.plan.DefaultPlanExecutor$ExecutorWorker.execute(DefaultPlanExecutor.java:459)
	at org.gradle.execution.plan.DefaultPlanExecutor$ExecutorWorker.run(DefaultPlanExecutor.java:376)
	at org.gradle.internal.concurrent.ExecutorPolicy$CatchAndRecordFailures.onExecute(ExecutorPolicy.java:64)
	at org.gradle.internal.concurrent.AbstractManagedExecutor$1.run(AbstractManagedExecutor.java:47)
	at java.base/java.util.concurrent.ThreadPoolExecutor.runWorker(ThreadPoolExecutor.java:1144)
	at java.base/java.util.concurrent.ThreadPoolExecutor$Worker.run(ThreadPoolExecutor.java:642)
	at java.base/java.lang.Thread.run(Thread.java:1583)
Caused by: org.gradle.api.internal.tasks.compile.CompilationFailedException: Compilation failed; see the compiler output below.
/home/runner/work/locomotion/locomotion/versions/1.21.1/build/generated/legacy-sources/com/trainguy9512/locomotion/animation/joint/JointChannel.java:29: error: cannot find symbol
        return ofTranslationRotationScaleEuler(new Vector3f(partPose.x(), partPose.y(), partPose.z()), new Vector3f(partPose.xRot(), partPose.yRot(), partPose.zRot()), new Vector3f(partPose.xScale(), partPose.yScale(), partPose.zScale()), true);
                                                                    ^
  symbol:   method x()
  location: variable partPose of type PartPose
/home/runner/work/locomotion/locomotion/versions/1.21.1/build/generated/legacy-sources/com/trainguy9512/locomotion/animation/joint/JointChannel.java:29: error: cannot find symbol
        return ofTranslationRotationScaleEuler(new Vector3f(partPose.x(), partPose.y(), partPose.z()), new Vector3f(partPose.xRot(), partPose.yRot(), partPose.zRot()), new Vector3f(partPose.xScale(), partPose.yScale(), partPose.zScale()), true);
                                                                                  ^
  symbol:   method y()
  location: variable partPose of type PartPose
/home/runner/work/locomotion/locomotion/versions/1.21.1/build/generated/legacy-sources/com/trainguy9512/locomotion/animation/joint/JointChannel.java:29: error: cannot find symbol
        return ofTranslationRotationScaleEuler(new Vector3f(partPose.x(), partPose.y(), partPose.z()), new Vector3f(partPose.xRot(), partPose.yRot(), partPose.zRot()), new Vector3f(partPose.xScale(), partPose.yScale(), partPose.zScale()), true);
                                                                                                ^
  symbol:   method z()
  location: variable partPose of type PartPose
/home/runner/work/locomotion/locomotion/versions/1.21.1/build/generated/legacy-sources/com/trainguy9512/locomotion/animation/joint/JointChannel.java:29: error: cannot find symbol
        return ofTranslationRotationScaleEuler(new Vector3f(partPose.x(), partPose.y(), partPose.z()), new Vector3f(partPose.xRot(), partPose.yRot(), partPose.zRot()), new Vector3f(partPose.xScale(), partPose.yScale(), partPose.zScale()), true);
                                                                                                                            ^
  symbol:   method xRot()
  location: variable partPose of type PartPose
/home/runner/work/locomotion/locomotion/versions/1.21.1/build/generated/legacy-sources/com/trainguy9512/locomotion/animation/joint/JointChannel.java:29: error: cannot find symbol
        return ofTranslationRotationScaleEuler(new Vector3f(partPose.x(), partPose.y(), partPose.z()), new Vector3f(partPose.xRot(), partPose.yRot(), partPose.zRot()), new Vector3f(partPose.xScale(), partPose.yScale(), partPose.zScale()), true);
                                                                                                                                             ^
  symbol:   method yRot()
  location: variable partPose of type PartPose
/home/runner/work/locomotion/locomotion/versions/1.21.1/build/generated/legacy-sources/com/trainguy9512/locomotion/animation/joint/JointChannel.java:29: error: cannot find symbol
        return ofTranslationRotationScaleEuler(new Vector3f(partPose.x(), partPose.y(), partPose.z()), new Vector3f(partPose.xRot(), partPose.yRot(), partPose.zRot()), new Vector3f(partPose.xScale(), partPose.yScale(), partPose.zScale()), true);
                                                                                                                                                              ^
  symbol:   method zRot()
  location: variable partPose of type PartPose
/home/runner/work/locomotion/locomotion/versions/1.21.1/build/generated/legacy-sources/com/trainguy9512/locomotion/animation/joint/JointChannel.java:29: error: cannot find symbol
        return ofTranslationRotationScaleEuler(new Vector3f(partPose.x(), partPose.y(), partPose.z()), new Vector3f(partPose.xRot(), partPose.yRot(), partPose.zRot()), new Vector3f(partPose.xScale(), partPose.yScale(), partPose.zScale()), true);
                                                                                                                                                                                             ^
  symbol:   method xScale()
  location: variable partPose of type PartPose
/home/runner/work/locomotion/locomotion/versions/1.21.1/build/generated/legacy-sources/com/trainguy9512/locomotion/animation/joint/JointChannel.java:29: error: cannot find symbol
        return ofTranslationRotationScaleEuler(new Vector3f(partPose.x(), partPose.y(), partPose.z()), new Vector3f(partPose.xRot(), partPose.yRot(), partPose.zRot()), new Vector3f(partPose.xScale(), partPose.yScale(), partPose.zScale()), true);
                                                                                                                                                                                                                ^
  symbol:   method yScale()
  location: variable partPose of type PartPose
/home/runner/work/locomotion/locomotion/versions/1.21.1/build/generated/legacy-sources/com/trainguy9512/locomotion/animation/joint/JointChannel.java:29: error: cannot find symbol
        return ofTranslationRotationScaleEuler(new Vector3f(partPose.x(), partPose.y(), partPose.z()), new Vector3f(partPose.xRot(), partPose.yRot(), partPose.zRot()), new Vector3f(partPose.xScale(), partPose.yScale(), partPose.zScale()), true);
                                                                                                                                                                                                                                   ^
  symbol:   method zScale()
  location: variable partPose of type PartPose
/home/runner/work/locomotion/locomotion/versions/1.21.1/build/generated/legacy-sources/com/trainguy9512/locomotion/resource/json/PartPoseDeserializer.java:45: error: constructor PartPose in class PartPose cannot be applied to given types;
        return new PartPose(
               ^
  required: float,float,float,float,float,float
  found:    float,float,float,float,float,float,float,float,float
  reason: actual and formal argument lists differ in length
/home/runner/work/locomotion/locomotion/versions/1.21.1/build/generated/legacy-sources/com/trainguy9512/locomotion/resource/json/GsonConfiguration.java:20: error: cannot find symbol
                .setStrictness(Strictness.STRICT)
                               ^
  symbol:   variable Strictness
  location: class GsonConfiguration
/home/runner/work/locomotion/locomotion/versions/1.21.1/build/generated/legacy-sources/com/trainguy9512/locomotion/animation/animator/JointAnimatorDispatcher.java:156: error: cannot find symbol
        return cameraBlockPos.distChessboard(blockPos) < radius;
                             ^
  symbol:   method distChessboard(BlockPos)
  location: variable cameraBlockPos of type BlockPos
/home/runner/work/locomotion/locomotion/versions/1.21.1/build/generated/legacy-sources/com/trainguy9512/locomotion/mixin/render/MixinFishingHookRenderer.java:76: error: method getXRot in class Entity cannot be applied to given types;
                    float playerRotationX = player.getXRot(partialTick) * Mth.DEG_TO_RAD;
                                                  ^
  required: no arguments
  found:    float
  reason: actual and formal argument lists differ in length
/home/runner/work/locomotion/locomotion/versions/1.21.1/build/generated/legacy-sources/com/trainguy9512/locomotion/mixin/render/MixinFishingHookRenderer.java:77: error: method getYRot in class Entity cannot be applied to given types;
                    float playerRotationY = player.getYRot(partialTick) * -Mth.DEG_TO_RAD;
                                                  ^
  required: no arguments
  found:    float
  reason: actual and formal argument lists differ in length
/home/runner/work/locomotion/locomotion/versions/1.21.1/build/generated/legacy-sources/com/trainguy9512/locomotion/mixin/render/MixinLayerDefinitions.java:41: error: cannot find symbol
                FileWriter writer = new FileWriter(filePath + "/models/" + location.model().toDebugFileName() + "_" + location.layer() + ".json");
                                                                                   ^
  symbol:   method model()
  location: variable location of type ModelLayerLocation
/home/runner/work/locomotion/locomotion/versions/1.21.1/build/generated/legacy-sources/com/trainguy9512/locomotion/mixin/render/MixinLayerDefinitions.java:41: error: cannot find symbol
                FileWriter writer = new FileWriter(filePath + "/models/" + location.model().toDebugFileName() + "_" + location.layer() + ".json");
                                                                                                                              ^
  symbol:   method layer()
  location: variable location of type ModelLayerLocation
/home/runner/work/locomotion/locomotion/versions/1.21.1/build/generated/legacy-sources/com/trainguy9512/locomotion/animation/animator/entity/firstperson/FirstPersonJointAnimator.java:309: error: cannot find symbol
                && !player.isMobilityRestricted()
                          ^
  symbol:   method isMobilityRestricted()
  location: variable player of type LocalPlayer
17 errors
	at org.gradle.api.internal.tasks.compile.JdkJavaCompiler.execute(JdkJavaCompiler.java:89)
	at org.gradle.api.internal.tasks.compile.JdkJavaCompiler.execute(JdkJavaCompiler.java:50)
	at org.gradle.api.internal.tasks.compile.NormalizingJavaCompiler.delegateAndHandleErrors(NormalizingJavaCompiler.java:98)
	at org.gradle.api.internal.tasks.compile.NormalizingJavaCompiler.execute(NormalizingJavaCompiler.java:52)
	at org.gradle.api.internal.tasks.compile.NormalizingJavaCompiler.execute(NormalizingJavaCompiler.java:38)
	at org.gradle.api.internal.tasks.compile.AnnotationProcessorDiscoveringCompiler.execute(AnnotationProcessorDiscoveringCompiler.java:52)
	at org.gradle.api.internal.tasks.compile.AnnotationProcessorDiscoveringCompiler.execute(AnnotationProcessorDiscoveringCompiler.java:38)
	at org.gradle.api.internal.tasks.compile.ModuleApplicationNameWritingCompiler.execute(ModuleApplicationNameWritingCompiler.java:46)
	at org.gradle.api.internal.tasks.compile.ModuleApplicationNameWritingCompiler.execute(ModuleApplicationNameWritingCompiler.java:36)
	at org.gradle.jvm.toolchain.internal.DefaultToolchainJavaCompiler.execute(DefaultToolchainJavaCompiler.java:57)
	at org.gradle.api.tasks.compile.JavaCompile.lambda$createToolchainCompiler$3(JavaCompile.java:206)
	at org.gradle.api.internal.tasks.compile.CleaningJavaCompiler.execute(CleaningJavaCompiler.java:53)
	at org.gradle.api.internal.tasks.compile.incremental.IncrementalCompilerFactory.lambda$createRebuildAllCompiler$0(IncrementalCompilerFactory.java:55)
	at org.gradle.api.internal.tasks.compile.incremental.SelectiveCompiler.execute(SelectiveCompiler.java:70)
	at org.gradle.api.internal.tasks.compile.incremental.SelectiveCompiler.execute(SelectiveCompiler.java:44)
	at org.gradle.api.internal.tasks.compile.incremental.IncrementalResultStoringCompiler.execute(IncrementalResultStoringCompiler.java:66)
	at org.gradle.api.internal.tasks.compile.incremental.IncrementalResultStoringCompiler.execute(IncrementalResultStoringCompiler.java:52)
	at org.gradle.api.internal.tasks.compile.CompileJavaBuildOperationReportingCompiler$1.call(CompileJavaBuildOperationReportingCompiler.java:64)
	at org.gradle.api.internal.tasks.compile.CompileJavaBuildOperationReportingCompiler$1.call(CompileJavaBuildOperationReportingCompiler.java:48)
	at org.gradle.internal.operations.DefaultBuildOperationRunner$CallableBuildOperationWorker.execute(DefaultBuildOperationRunner.java:209)
	at org.gradle.internal.operations.DefaultBuildOperationRunner$CallableBuildOperationWorker.execute(DefaultBuildOperationRunner.java:204)
	at org.gradle.internal.operations.DefaultBuildOperationRunner$2.execute(DefaultBuildOperationRunner.java:66)
	at org.gradle.internal.operations.DefaultBuildOperationRunner$2.execute(DefaultBuildOperationRunner.java:59)
	at org.gradle.internal.operations.DefaultBuildOperationRunner.execute(DefaultBuildOperationRunner.java:166)
	at org.gradle.internal.operations.DefaultBuildOperationRunner.execute(DefaultBuildOperationRunner.java:59)
	at org.gradle.internal.operations.DefaultBuildOperationRunner.call(DefaultBuildOperationRunner.java:53)
	at org.gradle.api.internal.tasks.compile.CompileJavaBuildOperationReportingCompiler.execute(CompileJavaBuildOperationReportingCompiler.java:48)
	at org.gradle.api.tasks.compile.JavaCompile.performCompilation(JavaCompile.java:224)
	at org.gradle.api.tasks.compile.JavaCompile.performIncrementalCompilation(JavaCompile.java:165)
	at org.gradle.api.tasks.compile.JavaCompile.compile(JavaCompile.java:150)
	at org.gradle.internal.reflect.JavaMethod.invoke(JavaMethod.java:125)
	at org.gradle.api.internal.project.taskfactory.IncrementalTaskAction.doExecute(IncrementalTaskAction.java:45)
	at org.gradle.api.internal.project.taskfactory.StandardTaskAction.execute(StandardTaskAction.java:51)
	at org.gradle.api.internal.project.taskfactory.IncrementalTaskAction.execute(IncrementalTaskAction.java:26)
	at org.gradle.api.internal.project.taskfactory.StandardTaskAction.execute(StandardTaskAction.java:29)
	at org.gradle.api.internal.tasks.execution.TaskExecution$3.run(TaskExecution.java:259)
	at org.gradle.internal.operations.DefaultBuildOperationRunner$1.execute(DefaultBuildOperationRunner.java:29)
	at org.gradle.internal.operations.DefaultBuildOperationRunner$1.execute(DefaultBuildOperationRunner.java:26)
	at org.gradle.internal.operations.DefaultBuildOperationRunner$2.execute(DefaultBuildOperationRunner.java:66)
	at org.gradle.internal.operations.DefaultBuildOperationRunner$2.execute(DefaultBuildOperationRunner.java:59)
	at org.gradle.internal.operations.DefaultBuildOperationRunner.execute(DefaultBuildOperationRunner.java:166)
	at org.gradle.internal.operations.DefaultBuildOperationRunner.execute(DefaultBuildOperationRunner.java:59)
	at org.gradle.internal.operations.DefaultBuildOperationRunner.run(DefaultBuildOperationRunner.java:47)
	at org.gradle.api.internal.tasks.execution.TaskExecution.executeAction(TaskExecution.java:244)
	at org.gradle.api.internal.tasks.execution.TaskExecution.executeActions(TaskExecution.java:227)
	at org.gradle.api.internal.tasks.execution.TaskExecution.executeWithPreviousOutputFiles(TaskExecution.java:210)
	at org.gradle.api.internal.tasks.execution.TaskExecution.execute(TaskExecution.java:176)
	at org.gradle.internal.execution.steps.ExecuteStep.executeInternal(ExecuteStep.java:110)
	at org.gradle.internal.execution.steps.ExecuteStep.access$000(ExecuteStep.java:47)
	at org.gradle.internal.execution.steps.ExecuteStep$1.call(ExecuteStep.java:64)
	at org.gradle.internal.execution.steps.ExecuteStep$1.call(ExecuteStep.java:61)
	at org.gradle.internal.operations.DefaultBuildOperationRunner$CallableBuildOperationWorker.execute(DefaultBuildOperationRunner.java:209)
	at org.gradle.internal.operations.DefaultBuildOperationRunner$CallableBuildOperationWorker.execute(DefaultBuildOperationRunner.java:204)
	at org.gradle.internal.operations.DefaultBuildOperationRunner$2.execute(DefaultBuildOperationRunner.java:66)
	at org.gradle.internal.operations.DefaultBuildOperationRunner$2.execute(DefaultBuildOperationRunner.java:59)
	at org.gradle.internal.operations.DefaultBuildOperationRunner.execute(DefaultBuildOperationRunner.java:166)
	at org.gradle.internal.operations.DefaultBuildOperationRunner.execute(DefaultBuildOperationRunner.java:59)
	at org.gradle.internal.operations.DefaultBuildOperationRunner.call(DefaultBuildOperationRunner.java:53)
	at org.gradle.internal.execution.steps.ExecuteStep.execute(ExecuteStep.java:61)
	at org.gradle.internal.execution.steps.ExecuteStep.execute(ExecuteStep.java:47)
	at org.gradle.internal.execution.steps.CancelExecutionStep.execute(CancelExecutionStep.java:42)
	at org.gradle.internal.execution.steps.TimeoutStep.executeWithoutTimeout(TimeoutStep.java:75)
	at org.gradle.internal.execution.steps.TimeoutStep.execute(TimeoutStep.java:55)
	at org.gradle.internal.execution.steps.PreCreateOutputParentsStep.execute(PreCreateOutputParentsStep.java:51)
	at org.gradle.internal.execution.steps.PreCreateOutputParentsStep.execute(PreCreateOutputParentsStep.java:29)
	at org.gradle.internal.execution.steps.RemovePreviousOutputsStep.executeMutable(RemovePreviousOutputsStep.java:70)
	at org.gradle.internal.execution.steps.RemovePreviousOutputsStep.executeMutable(RemovePreviousOutputsStep.java:40)
	at org.gradle.internal.execution.steps.MutableStep.execute(MutableStep.java:25)
	at org.gradle.internal.execution.steps.BroadcastChangingOutputsStep.execute(BroadcastChangingOutputsStep.java:62)
	at org.gradle.internal.execution.steps.BroadcastChangingOutputsStep.execute(BroadcastChangingOutputsStep.java:27)
	at org.gradle.internal.execution.steps.CaptureOutputsAfterExecutionStep.execute(CaptureOutputsAfterExecutionStep.java:69)
	at org.gradle.internal.execution.steps.CaptureOutputsAfterExecutionStep.execute(CaptureOutputsAfterExecutionStep.java:46)
	at org.gradle.internal.execution.steps.ResolveInputChangesStep.executeMutable(ResolveInputChangesStep.java:39)
	at org.gradle.internal.execution.steps.ResolveInputChangesStep.executeMutable(ResolveInputChangesStep.java:28)
	at org.gradle.internal.execution.steps.MutableStep.execute(MutableStep.java:25)
	at org.gradle.internal.execution.steps.BuildCacheStep.executeWithoutCache(BuildCacheStep.java:192)
	at org.gradle.internal.execution.steps.BuildCacheStep.lambda$execute$1(BuildCacheStep.java:76)
	at org.gradle.internal.Either$Right.fold(Either.java:176)
	at org.gradle.internal.execution.caching.CachingState.fold(CachingState.java:62)
	at org.gradle.internal.execution.steps.BuildCacheStep.execute(BuildCacheStep.java:74)
	at org.gradle.internal.execution.steps.BuildCacheStep.execute(BuildCacheStep.java:49)
	at org.gradle.internal.execution.steps.StoreExecutionStateStep.execute(StoreExecutionStateStep.java:46)
	at org.gradle.internal.execution.steps.StoreExecutionStateStep.execute(StoreExecutionStateStep.java:35)
	at org.gradle.internal.execution.steps.SkipUpToDateStep.executeBecause(SkipUpToDateStep.java:75)
	at org.gradle.internal.execution.steps.SkipUpToDateStep.lambda$execute$2(SkipUpToDateStep.java:53)
	at org.gradle.internal.execution.steps.SkipUpToDateStep.execute(SkipUpToDateStep.java:53)
	at org.gradle.internal.execution.steps.SkipUpToDateStep.execute(SkipUpToDateStep.java:35)
	at org.gradle.internal.execution.steps.legacy.MarkSnapshottingInputsFinishedStep.execute(MarkSnapshottingInputsFinishedStep.java:37)
	at org.gradle.internal.execution.steps.legacy.MarkSnapshottingInputsFinishedStep.execute(MarkSnapshottingInputsFinishedStep.java:27)
	at org.gradle.internal.execution.steps.ResolveIncrementalCachingStateStep.executeDelegate(ResolveIncrementalCachingStateStep.java:49)
	at org.gradle.internal.execution.steps.ResolveIncrementalCachingStateStep.executeDelegate(ResolveIncrementalCachingStateStep.java:27)
	at org.gradle.internal.execution.steps.AbstractResolveCachingStateStep.execute(AbstractResolveCachingStateStep.java:71)
	at org.gradle.internal.execution.steps.AbstractResolveCachingStateStep.execute(AbstractResolveCachingStateStep.java:39)
	at org.gradle.internal.execution.steps.ResolveChangesStep.executeMutable(ResolveChangesStep.java:63)
	at org.gradle.internal.execution.steps.ResolveChangesStep.executeMutable(ResolveChangesStep.java:34)
	at org.gradle.internal.execution.steps.MutableStep.execute(MutableStep.java:25)
	at org.gradle.internal.execution.steps.ValidateStep.execute(ValidateStep.java:64)
	at org.gradle.internal.execution.steps.ValidateStep.execute(ValidateStep.java:42)
	at org.gradle.internal.execution.steps.AbstractCaptureStateBeforeExecutionStep.execute(AbstractCaptureStateBeforeExecutionStep.java:77)
	at org.gradle.internal.execution.steps.AbstractCaptureStateBeforeExecutionStep.execute(AbstractCaptureStateBeforeExecutionStep.java:46)
	at org.gradle.internal.execution.steps.AbstractSkipEmptyWorkStep.executeWithNonEmptySources(AbstractSkipEmptyWorkStep.java:133)
	at org.gradle.internal.execution.steps.AbstractSkipEmptyWorkStep.execute(AbstractSkipEmptyWorkStep.java:64)
	at org.gradle.internal.execution.steps.AbstractSkipEmptyWorkStep.execute(AbstractSkipEmptyWorkStep.java:36)
	at org.gradle.internal.execution.steps.legacy.MarkSnapshottingInputsStartedStep.execute(MarkSnapshottingInputsStartedStep.java:38)
	at org.gradle.internal.execution.steps.LoadPreviousExecutionStateStep.execute(LoadPreviousExecutionStateStep.java:36)
	at org.gradle.internal.execution.steps.LoadPreviousExecutionStateStep.execute(LoadPreviousExecutionStateStep.java:23)
	at org.gradle.internal.execution.steps.HandleStaleOutputsStep.executeMutable(HandleStaleOutputsStep.java:77)
	at org.gradle.internal.execution.steps.HandleStaleOutputsStep.executeMutable(HandleStaleOutputsStep.java:43)
	at org.gradle.internal.execution.steps.MutableStep.execute(MutableStep.java:25)
	at org.gradle.internal.execution.steps.AssignMutableWorkspaceStep.lambda$execute$0(AssignMutableWorkspaceStep.java:35)
	at org.gradle.api.internal.tasks.execution.TaskExecution$4.withWorkspace(TaskExecution.java:305)
	at org.gradle.internal.execution.steps.AssignMutableWorkspaceStep.execute(AssignMutableWorkspaceStep.java:31)
	at org.gradle.internal.execution.steps.AssignMutableWorkspaceStep.execute(AssignMutableWorkspaceStep.java:22)
	at org.gradle.internal.execution.steps.ChoosePipelineStep.execute(ChoosePipelineStep.java:40)
	at org.gradle.internal.execution.steps.ChoosePipelineStep.execute(ChoosePipelineStep.java:23)
	at org.gradle.internal.execution.steps.ExecuteWorkBuildOperationFiringStep.lambda$execute$2(ExecuteWorkBuildOperationFiringStep.java:67)
	at org.gradle.internal.execution.steps.ExecuteWorkBuildOperationFiringStep.execute(ExecuteWorkBuildOperationFiringStep.java:67)
	at org.gradle.internal.execution.steps.ExecuteWorkBuildOperationFiringStep.execute(ExecuteWorkBuildOperationFiringStep.java:39)
	at org.gradle.internal.execution.steps.IdentityCacheStep.execute(IdentityCacheStep.java:46)
	at org.gradle.internal.execution.steps.IdentityCacheStep.execute(IdentityCacheStep.java:34)
	at org.gradle.internal.execution.steps.IdentifyStep.execute(IdentifyStep.java:44)
	at org.gradle.internal.execution.steps.IdentifyStep.execute(IdentifyStep.java:31)
	at org.gradle.internal.execution.impl.DefaultExecutionEngine$1.execute(DefaultExecutionEngine.java:68)
	at org.gradle.api.internal.tasks.execution.ExecuteActionsTaskExecuter.executeIfValid(ExecuteActionsTaskExecuter.java:132)
	at org.gradle.api.internal.tasks.execution.ExecuteActionsTaskExecuter.execute(ExecuteActionsTaskExecuter.java:121)
	at org.gradle.api.internal.tasks.execution.ProblemsTaskPathTrackingTaskExecuter.execute(ProblemsTaskPathTrackingTaskExecuter.java:41)
	at org.gradle.api.internal.tasks.execution.FinalizePropertiesTaskExecuter.execute(FinalizePropertiesTaskExecuter.java:46)
	at org.gradle.api.internal.tasks.execution.ResolveTaskExecutionModeExecuter.execute(ResolveTaskExecutionModeExecuter.java:51)
	at org.gradle.api.internal.tasks.execution.SkipTaskWithNoActionsExecuter.execute(SkipTaskWithNoActionsExecuter.java:57)
	at org.gradle.api.internal.tasks.execution.SkipOnlyIfTaskExecuter.execute(SkipOnlyIfTaskExecuter.java:74)
	at org.gradle.api.internal.tasks.execution.CatchExceptionTaskExecuter.execute(CatchExceptionTaskExecuter.java:36)
	at org.gradle.api.internal.tasks.execution.EventFiringTaskExecuter$1.executeTask(EventFiringTaskExecuter.java:77)
	at org.gradle.api.internal.tasks.execution.EventFiringTaskExecuter$1.call(EventFiringTaskExecuter.java:55)
	at org.gradle.api.internal.tasks.execution.EventFiringTaskExecuter$1.call(EventFiringTaskExecuter.java:52)
	at org.gradle.internal.operations.DefaultBuildOperationRunner$CallableBuildOperationWorker.execute(DefaultBuildOperationRunner.java:209)
	at org.gradle.internal.operations.DefaultBuildOperationRunner$CallableBuildOperationWorker.execute(DefaultBuildOperationRunner.java:204)
	at org.gradle.internal.operations.DefaultBuildOperationRunner$2.execute(DefaultBuildOperationRunner.java:66)
	at org.gradle.internal.operations.DefaultBuildOperationRunner$2.execute(DefaultBuildOperationRunner.java:59)
	at org.gradle.internal.operations.DefaultBuildOperationRunner.execute(DefaultBuildOperationRunner.java:166)
	at org.gradle.internal.operations.DefaultBuildOperationRunner.execute(DefaultBuildOperationRunner.java:59)
	at org.gradle.internal.operations.DefaultBuildOperationRunner.call(DefaultBuildOperationRunner.java:53)
	at org.gradle.api.internal.tasks.execution.EventFiringTaskExecuter.execute(EventFiringTaskExecuter.java:52)
	at org.gradle.execution.plan.DefaultNodeExecutor.executeLocalTaskNode(DefaultNodeExecutor.java:55)
	at org.gradle.execution.plan.DefaultNodeExecutor.execute(DefaultNodeExecutor.java:34)
	at org.gradle.execution.taskgraph.DefaultTaskExecutionGraph$InvokeNodeExecutorsAction.execute(DefaultTaskExecutionGraph.java:355)
	at org.gradle.execution.taskgraph.DefaultTaskExecutionGraph$InvokeNodeExecutorsAction.execute(DefaultTaskExecutionGraph.java:343)
	at org.gradle.execution.taskgraph.DefaultTaskExecutionGraph$BuildOperationAwareExecutionAction.lambda$execute$0(DefaultTaskExecutionGraph.java:339)
	at org.gradle.internal.operations.CurrentBuildOperationRef.with(CurrentBuildOperationRef.java:84)
	at org.gradle.execution.taskgraph.DefaultTaskExecutionGraph$BuildOperationAwareExecutionAction.execute(DefaultTaskExecutionGraph.java:339)
	at org.gradle.execution.taskgraph.DefaultTaskExecutionGraph$BuildOperationAwareExecutionAction.execute(DefaultTaskExecutionGraph.java:328)
	at org.gradle.execution.plan.DefaultPlanExecutor$ExecutorWorker.execute(DefaultPlanExecutor.java:459)
	at org.gradle.execution.plan.DefaultPlanExecutor$ExecutorWorker.run(DefaultPlanExecutor.java:376)
	at org.gradle.internal.concurrent.ExecutorPolicy$CatchAndRecordFailures.onExecute(ExecutorPolicy.java:64)
	at org.gradle.internal.concurrent.AbstractManagedExecutor$1.run(AbstractManagedExecutor.java:47)

==============================================================================

3: Task failed with an exception.
-----------
* What went wrong:
Execution failed for task ':fabric:1.21.11:shadowJar'.
> Could not add META-INF to ZIP '/home/runner/work/locomotion/locomotion/fabric/versions/1.21.11/build/libs/locomotion-fabric-0.1.12+1.21.11-playtesting-dev-shadow.jar'.

* Try:
> Run with --info or --debug option to get more log output.
> Run with --scan to get full insights from a Build Scan (powered by Develocity).
> Get more help at https://help.gradle.org.

* Exception is:
org.gradle.api.tasks.TaskExecutionException: Execution failed for task ':fabric:1.21.11:shadowJar'.
	at org.gradle.api.internal.tasks.execution.ExecuteActionsTaskExecuter.lambda$executeIfValid$1(ExecuteActionsTaskExecuter.java:135)
	at org.gradle.internal.Try$Failure.ifSuccessfulOrElse(Try.java:288)
	at org.gradle.api.internal.tasks.execution.ExecuteActionsTaskExecuter.executeIfValid(ExecuteActionsTaskExecuter.java:133)
	at org.gradle.api.internal.tasks.execution.ExecuteActionsTaskExecuter.execute(ExecuteActionsTaskExecuter.java:121)
	at org.gradle.api.internal.tasks.execution.ProblemsTaskPathTrackingTaskExecuter.execute(ProblemsTaskPathTrackingTaskExecuter.java:41)
	at org.gradle.api.internal.tasks.execution.FinalizePropertiesTaskExecuter.execute(FinalizePropertiesTaskExecuter.java:46)
	at org.gradle.api.internal.tasks.execution.ResolveTaskExecutionModeExecuter.execute(ResolveTaskExecutionModeExecuter.java:51)
	at org.gradle.api.internal.tasks.execution.SkipTaskWithNoActionsExecuter.execute(SkipTaskWithNoActionsExecuter.java:57)
	at org.gradle.api.internal.tasks.execution.SkipOnlyIfTaskExecuter.execute(SkipOnlyIfTaskExecuter.java:74)
	at org.gradle.api.internal.tasks.execution.CatchExceptionTaskExecuter.execute(CatchExceptionTaskExecuter.java:36)
	at org.gradle.api.internal.tasks.execution.EventFiringTaskExecuter$1.executeTask(EventFiringTaskExecuter.java:77)
	at org.gradle.api.internal.tasks.execution.EventFiringTaskExecuter$1.call(EventFiringTaskExecuter.java:55)
	at org.gradle.api.internal.tasks.execution.EventFiringTaskExecuter$1.call(EventFiringTaskExecuter.java:52)
	at org.gradle.internal.operations.DefaultBuildOperationRunner$CallableBuildOperationWorker.execute(DefaultBuildOperationRunner.java:209)
	at org.gradle.internal.operations.DefaultBuildOperationRunner$CallableBuildOperationWorker.execute(DefaultBuildOperationRunner.java:204)
	at org.gradle.internal.operations.DefaultBuildOperationRunner$2.execute(DefaultBuildOperationRunner.java:66)
	at org.gradle.internal.operations.DefaultBuildOperationRunner$2.execute(DefaultBuildOperationRunner.java:59)
	at org.gradle.internal.operations.DefaultBuildOperationRunner.execute(DefaultBuildOperationRunner.java:166)
	at org.gradle.internal.operations.DefaultBuildOperationRunner.execute(DefaultBuildOperationRunner.java:59)
	at org.gradle.internal.operations.DefaultBuildOperationRunner.call(DefaultBuildOperationRunner.java:53)
	at org.gradle.api.internal.tasks.execution.EventFiringTaskExecuter.execute(EventFiringTaskExecuter.java:52)
	at org.gradle.execution.plan.DefaultNodeExecutor.executeLocalTaskNode(DefaultNodeExecutor.java:55)
	at org.gradle.execution.plan.DefaultNodeExecutor.execute(DefaultNodeExecutor.java:34)
	at org.gradle.execution.taskgraph.DefaultTaskExecutionGraph$InvokeNodeExecutorsAction.execute(DefaultTaskExecutionGraph.java:355)
	at org.gradle.execution.taskgraph.DefaultTaskExecutionGraph$InvokeNodeExecutorsAction.execute(DefaultTaskExecutionGraph.java:343)
	at org.gradle.execution.taskgraph.DefaultTaskExecutionGraph$BuildOperationAwareExecutionAction.lambda$execute$0(DefaultTaskExecutionGraph.java:339)
	at org.gradle.internal.operations.CurrentBuildOperationRef.with(CurrentBuildOperationRef.java:84)
	at org.gradle.execution.taskgraph.DefaultTaskExecutionGraph$BuildOperationAwareExecutionAction.execute(DefaultTaskExecutionGraph.java:339)
	at org.gradle.execution.taskgraph.DefaultTaskExecutionGraph$BuildOperationAwareExecutionAction.execute(DefaultTaskExecutionGraph.java:328)
	at org.gradle.execution.plan.DefaultPlanExecutor$ExecutorWorker.execute(DefaultPlanExecutor.java:459)
	at org.gradle.execution.plan.DefaultPlanExecutor$ExecutorWorker.run(DefaultPlanExecutor.java:376)
	at org.gradle.internal.concurrent.ExecutorPolicy$CatchAndRecordFailures.onExecute(ExecutorPolicy.java:64)
	at org.gradle.internal.concurrent.AbstractManagedExecutor$1.run(AbstractManagedExecutor.java:47)
	at java.base/java.util.concurrent.ThreadPoolExecutor.runWorker(ThreadPoolExecutor.java:1144)
	at java.base/java.util.concurrent.ThreadPoolExecutor$Worker.run(ThreadPoolExecutor.java:642)
	at java.base/java.lang.Thread.run(Thread.java:1583)
Caused by: org.gradle.api.GradleException: Could not add META-INF to ZIP '/home/runner/work/locomotion/locomotion/fabric/versions/1.21.11/build/libs/locomotion-fabric-0.1.12+1.21.11-playtesting-dev-shadow.jar'.
	at java.base/jdk.internal.reflect.DirectConstructorHandleAccessor.newInstance(DirectConstructorHandleAccessor.java:62)
	at java.base/java.lang.reflect.Constructor.newInstanceWithCaller(Constructor.java:502)
	at java.base/java.lang.reflect.Constructor.newInstance(Constructor.java:486)
	at org.codehaus.groovy.reflection.CachedConstructor.invoke(CachedConstructor.java:73)
	at org.codehaus.groovy.runtime.callsite.ConstructorSite$ConstructorSiteNoUnwrapNoCoerce.callConstructor(ConstructorSite.java:108)
	at org.codehaus.groovy.runtime.callsite.AbstractCallSite.callConstructor(AbstractCallSite.java:286)
	at com.github.jengelman.gradle.plugins.shadow.tasks.ShadowCopyAction$StreamAction.visitDir(ShadowCopyAction.groovy:408)
	at java.base/jdk.internal.reflect.DirectMethodHandleAccessor.invoke(DirectMethodHandleAccessor.java:103)
	at java.base/java.lang.reflect.Method.invoke(Method.java:580)
	at org.codehaus.groovy.runtime.callsite.PlainObjectMetaMethodSite.doInvoke(PlainObjectMetaMethodSite.java:43)
	at org.codehaus.groovy.runtime.callsite.PogoMetaMethodSite$PogoCachedMethodSiteNoUnwrapNoCoerce.invoke(PogoMetaMethodSite.java:198)
	at org.codehaus.groovy.runtime.callsite.PogoMetaMethodSite.callCurrent(PogoMetaMethodSite.java:62)
	at org.codehaus.groovy.runtime.callsite.AbstractCallSite.callCurrent(AbstractCallSite.java:185)
	at com.github.jengelman.gradle.plugins.shadow.tasks.ShadowCopyAction$BaseStreamAction.processFile(ShadowCopyAction.groovy:179)
	at org.gradle.api.internal.file.copy.NormalizingCopyActionDecorator.maybeVisit(NormalizingCopyActionDecorator.java:104)
	at org.gradle.api.internal.file.copy.NormalizingCopyActionDecorator.lambda$execute$0(NormalizingCopyActionDecorator.java:71)
	at org.gradle.api.internal.file.copy.DuplicateHandlingCopyActionDecorator.lambda$execute$0(DuplicateHandlingCopyActionDecorator.java:70)
	at org.gradle.api.internal.file.copy.CopyFileVisitorImpl.processFile(CopyFileVisitorImpl.java:68)
	at org.gradle.api.internal.file.copy.CopyFileVisitorImpl.visitFile(CopyFileVisitorImpl.java:52)
	at org.gradle.api.internal.file.collections.FilteredMinimalFileTree$2.visitFile(FilteredMinimalFileTree.java:95)
	at org.gradle.api.internal.file.collections.GeneratedSingletonFileTree.visit(GeneratedSingletonFileTree.java:110)
	at org.gradle.api.internal.file.collections.FilteredMinimalFileTree.visit(FilteredMinimalFileTree.java:84)
	at org.gradle.api.internal.file.collections.FileTreeAdapter.visit(FileTreeAdapter.java:110)
	at org.gradle.api.internal.file.CompositeFileTree.visit(CompositeFileTree.java:108)
	at org.gradle.api.internal.file.copy.CopySpecActionImpl.execute(CopySpecActionImpl.java:43)
	at org.gradle.api.internal.file.copy.CopySpecActionImpl.execute(CopySpecActionImpl.java:25)
	at org.gradle.api.internal.file.copy.DefaultCopySpec$DefaultCopySpecResolver.walk(DefaultCopySpec.java:808)
	at org.gradle.api.internal.file.copy.DefaultCopySpec$DefaultCopySpecResolver.walk(DefaultCopySpec.java:810)
	at org.gradle.api.internal.file.copy.DefaultCopySpec$DefaultCopySpecResolver.walk(DefaultCopySpec.java:810)
	at org.gradle.api.internal.file.copy.DefaultCopySpec.walk(DefaultCopySpec.java:543)
	at org.gradle.api.internal.file.copy.CopySpecBackedCopyActionProcessingStream.process(CopySpecBackedCopyActionProcessingStream.java:42)
	at org.gradle.api.internal.file.copy.DuplicateHandlingCopyActionDecorator.lambda$execute$1(DuplicateHandlingCopyActionDecorator.java:50)
	at org.gradle.api.internal.file.copy.NormalizingCopyActionDecorator.lambda$execute$1(NormalizingCopyActionDecorator.java:64)
	at org.gradle.api.internal.file.copy.CopyActionProcessingStream$process.call(Unknown Source)
	at com.github.jengelman.gradle.plugins.shadow.tasks.ShadowCopyAction$2.execute(ShadowCopyAction.groovy:108)
	at com.github.jengelman.gradle.plugins.shadow.tasks.ShadowCopyAction$2$execute.call(Unknown Source)
	at com.github.jengelman.gradle.plugins.shadow.tasks.ShadowCopyAction.withResource(ShadowCopyAction.groovy:150)
	at java.base/jdk.internal.reflect.DirectMethodHandleAccessor.invoke(DirectMethodHandleAccessor.java:103)
	at java.base/java.lang.reflect.Method.invoke(Method.java:580)
	at org.codehaus.groovy.reflection.CachedMethod.invoke(CachedMethod.java:343)
	at org.codehaus.groovy.runtime.callsite.StaticMetaMethodSite$StaticMetaMethodSiteNoUnwrapNoCoerce.invoke(StaticMetaMethodSite.java:153)
	at org.codehaus.groovy.runtime.callsite.StaticMetaMethodSite.callStatic(StaticMetaMethodSite.java:102)
	at org.codehaus.groovy.runtime.callsite.AbstractCallSite.callStatic(AbstractCallSite.java:240)
	at com.github.jengelman.gradle.plugins.shadow.tasks.ShadowCopyAction.execute(ShadowCopyAction.groovy:105)
	at org.gradle.api.internal.file.copy.NormalizingCopyActionDecorator.execute(NormalizingCopyActionDecorator.java:63)
	at org.gradle.api.internal.file.copy.DuplicateHandlingCopyActionDecorator.execute(DuplicateHandlingCopyActionDecorator.java:50)
	at org.gradle.api.internal.file.copy.CopyActionExecuter.execute(CopyActionExecuter.java:48)
	at org.gradle.api.tasks.AbstractCopyTask.copy(AbstractCopyTask.java:146)
	at com.github.jengelman.gradle.plugins.shadow.tasks.ShadowJar.copy(ShadowJar.java:161)
	at java.base/jdk.internal.reflect.DirectMethodHandleAccessor.invoke(DirectMethodHandleAccessor.java:103)
	at java.base/java.lang.reflect.Method.invoke(Method.java:580)
	at org.gradle.internal.reflect.JavaMethod.invoke(JavaMethod.java:125)
	at org.gradle.api.internal.project.taskfactory.StandardTaskAction.doExecute(StandardTaskAction.java:58)
	at org.gradle.api.internal.project.taskfactory.StandardTaskAction.execute(StandardTaskAction.java:51)
	at org.gradle.api.internal.project.taskfactory.StandardTaskAction.execute(StandardTaskAction.java:29)
	at org.gradle.api.internal.tasks.execution.TaskExecution$3.run(TaskExecution.java:259)
	at org.gradle.internal.operations.DefaultBuildOperationRunner$1.execute(DefaultBuildOperationRunner.java:29)
	at org.gradle.internal.operations.DefaultBuildOperationRunner$1.execute(DefaultBuildOperationRunner.java:26)
	at org.gradle.internal.operations.DefaultBuildOperationRunner$2.execute(DefaultBuildOperationRunner.java:66)
	at org.gradle.internal.operations.DefaultBuildOperationRunner$2.execute(DefaultBuildOperationRunner.java:59)
	at org.gradle.internal.operations.DefaultBuildOperationRunner.execute(DefaultBuildOperationRunner.java:166)
	at org.gradle.internal.operations.DefaultBuildOperationRunner.execute(DefaultBuildOperationRunner.java:59)
	at org.gradle.internal.operations.DefaultBuildOperationRunner.run(DefaultBuildOperationRunner.java:47)
	at org.gradle.api.internal.tasks.execution.TaskExecution.executeAction(TaskExecution.java:244)
	at org.gradle.api.internal.tasks.execution.TaskExecution.executeActions(TaskExecution.java:227)
	at org.gradle.api.internal.tasks.execution.TaskExecution.executeWithPreviousOutputFiles(TaskExecution.java:210)
	at org.gradle.api.internal.tasks.execution.TaskExecution.execute(TaskExecution.java:176)
	at org.gradle.internal.execution.steps.ExecuteStep.executeInternal(ExecuteStep.java:110)
	at org.gradle.internal.execution.steps.ExecuteStep.access$000(ExecuteStep.java:47)
	at org.gradle.internal.execution.steps.ExecuteStep$1.call(ExecuteStep.java:64)
	at org.gradle.internal.execution.steps.ExecuteStep$1.call(ExecuteStep.java:61)
	at org.gradle.internal.operations.DefaultBuildOperationRunner$CallableBuildOperationWorker.execute(DefaultBuildOperationRunner.java:209)
	at org.gradle.internal.operations.DefaultBuildOperationRunner$CallableBuildOperationWorker.execute(DefaultBuildOperationRunner.java:204)
	at org.gradle.internal.operations.DefaultBuildOperationRunner$2.execute(DefaultBuildOperationRunner.java:66)
	at org.gradle.internal.operations.DefaultBuildOperationRunner$2.execute(DefaultBuildOperationRunner.java:59)
	at org.gradle.internal.operations.DefaultBuildOperationRunner.execute(DefaultBuildOperationRunner.java:166)
	at org.gradle.internal.operations.DefaultBuildOperationRunner.execute(DefaultBuildOperationRunner.java:59)
	at org.gradle.internal.operations.DefaultBuildOperationRunner.call(DefaultBuildOperationRunner.java:53)
	at org.gradle.internal.execution.steps.ExecuteStep.execute(ExecuteStep.java:61)
	at org.gradle.internal.execution.steps.ExecuteStep.execute(ExecuteStep.java:47)
	at org.gradle.internal.execution.steps.CancelExecutionStep.execute(CancelExecutionStep.java:42)
	at org.gradle.internal.execution.steps.TimeoutStep.executeWithoutTimeout(TimeoutStep.java:75)
	at org.gradle.internal.execution.steps.TimeoutStep.execute(TimeoutStep.java:55)
	at org.gradle.internal.execution.steps.PreCreateOutputParentsStep.execute(PreCreateOutputParentsStep.java:51)
	at org.gradle.internal.execution.steps.PreCreateOutputParentsStep.execute(PreCreateOutputParentsStep.java:29)
	at org.gradle.internal.execution.steps.RemovePreviousOutputsStep.executeMutable(RemovePreviousOutputsStep.java:70)
	at org.gradle.internal.execution.steps.RemovePreviousOutputsStep.executeMutable(RemovePreviousOutputsStep.java:40)
	at org.gradle.internal.execution.steps.MutableStep.execute(MutableStep.java:25)
	at org.gradle.internal.execution.steps.BroadcastChangingOutputsStep.execute(BroadcastChangingOutputsStep.java:62)
	at org.gradle.internal.execution.steps.BroadcastChangingOutputsStep.execute(BroadcastChangingOutputsStep.java:27)
	at org.gradle.internal.execution.steps.CaptureOutputsAfterExecutionStep.execute(CaptureOutputsAfterExecutionStep.java:69)
	at org.gradle.internal.execution.steps.CaptureOutputsAfterExecutionStep.execute(CaptureOutputsAfterExecutionStep.java:46)
	at org.gradle.internal.execution.steps.ResolveInputChangesStep.executeMutable(ResolveInputChangesStep.java:39)
	at org.gradle.internal.execution.steps.ResolveInputChangesStep.executeMutable(ResolveInputChangesStep.java:28)
	at org.gradle.internal.execution.steps.MutableStep.execute(MutableStep.java:25)
	at org.gradle.internal.execution.steps.BuildCacheStep.executeWithoutCache(BuildCacheStep.java:192)
	at org.gradle.internal.execution.steps.BuildCacheStep.lambda$execute$1(BuildCacheStep.java:76)
	at org.gradle.internal.Either$Right.fold(Either.java:176)
	at org.gradle.internal.execution.caching.CachingState.fold(CachingState.java:62)
	at org.gradle.internal.execution.steps.BuildCacheStep.execute(BuildCacheStep.java:74)
	at org.gradle.internal.execution.steps.BuildCacheStep.execute(BuildCacheStep.java:49)
	at org.gradle.internal.execution.steps.StoreExecutionStateStep.execute(StoreExecutionStateStep.java:46)
	at org.gradle.internal.execution.steps.StoreExecutionStateStep.execute(StoreExecutionStateStep.java:35)
	at org.gradle.internal.execution.steps.SkipUpToDateStep.executeBecause(SkipUpToDateStep.java:75)
	at org.gradle.internal.execution.steps.SkipUpToDateStep.lambda$execute$2(SkipUpToDateStep.java:53)
	at java.base/java.util.Optional.orElseGet(Optional.java:364)
	at org.gradle.internal.execution.steps.SkipUpToDateStep.execute(SkipUpToDateStep.java:53)
	at org.gradle.internal.execution.steps.SkipUpToDateStep.execute(SkipUpToDateStep.java:35)
	at org.gradle.internal.execution.steps.legacy.MarkSnapshottingInputsFinishedStep.execute(MarkSnapshottingInputsFinishedStep.java:37)
	at org.gradle.internal.execution.steps.legacy.MarkSnapshottingInputsFinishedStep.execute(MarkSnapshottingInputsFinishedStep.java:27)
	at org.gradle.internal.execution.steps.ResolveIncrementalCachingStateStep.executeDelegate(ResolveIncrementalCachingStateStep.java:49)
	at org.gradle.internal.execution.steps.ResolveIncrementalCachingStateStep.executeDelegate(ResolveIncrementalCachingStateStep.java:27)
	at org.gradle.internal.execution.steps.AbstractResolveCachingStateStep.execute(AbstractResolveCachingStateStep.java:71)
	at org.gradle.internal.execution.steps.AbstractResolveCachingStateStep.execute(AbstractResolveCachingStateStep.java:39)
	at org.gradle.internal.execution.steps.ResolveChangesStep.executeMutable(ResolveChangesStep.java:63)
	at org.gradle.internal.execution.steps.ResolveChangesStep.executeMutable(ResolveChangesStep.java:34)
	at org.gradle.internal.execution.steps.MutableStep.execute(MutableStep.java:25)
	at org.gradle.internal.execution.steps.ValidateStep.execute(ValidateStep.java:64)
	at org.gradle.internal.execution.steps.ValidateStep.execute(ValidateStep.java:42)
	at org.gradle.internal.execution.steps.AbstractCaptureStateBeforeExecutionStep.execute(AbstractCaptureStateBeforeExecutionStep.java:77)
	at org.gradle.internal.execution.steps.AbstractCaptureStateBeforeExecutionStep.execute(AbstractCaptureStateBeforeExecutionStep.java:46)
	at org.gradle.internal.execution.steps.AbstractSkipEmptyWorkStep.executeWithNonEmptySources(AbstractSkipEmptyWorkStep.java:133)
	at org.gradle.internal.execution.steps.AbstractSkipEmptyWorkStep.execute(AbstractSkipEmptyWorkStep.java:64)
	at org.gradle.internal.execution.steps.AbstractSkipEmptyWorkStep.execute(AbstractSkipEmptyWorkStep.java:36)
	at org.gradle.internal.execution.steps.legacy.MarkSnapshottingInputsStartedStep.execute(MarkSnapshottingInputsStartedStep.java:38)
	at org.gradle.internal.execution.steps.LoadPreviousExecutionStateStep.execute(LoadPreviousExecutionStateStep.java:36)
	at org.gradle.internal.execution.steps.LoadPreviousExecutionStateStep.execute(LoadPreviousExecutionStateStep.java:23)
	at org.gradle.internal.execution.steps.HandleStaleOutputsStep.executeMutable(HandleStaleOutputsStep.java:77)
	at org.gradle.internal.execution.steps.HandleStaleOutputsStep.executeMutable(HandleStaleOutputsStep.java:43)
	at org.gradle.internal.execution.steps.MutableStep.execute(MutableStep.java:25)
	at org.gradle.internal.execution.steps.AssignMutableWorkspaceStep.lambda$execute$0(AssignMutableWorkspaceStep.java:35)
	at org.gradle.api.internal.tasks.execution.TaskExecution$4.withWorkspace(TaskExecution.java:305)
	at org.gradle.internal.execution.steps.AssignMutableWorkspaceStep.execute(AssignMutableWorkspaceStep.java:31)
	at org.gradle.internal.execution.steps.AssignMutableWorkspaceStep.execute(AssignMutableWorkspaceStep.java:22)
	at org.gradle.internal.execution.steps.ChoosePipelineStep.execute(ChoosePipelineStep.java:40)
	at org.gradle.internal.execution.steps.ChoosePipelineStep.execute(ChoosePipelineStep.java:23)
	at org.gradle.internal.execution.steps.ExecuteWorkBuildOperationFiringStep.lambda$execute$2(ExecuteWorkBuildOperationFiringStep.java:67)
	at java.base/java.util.Optional.orElseGet(Optional.java:364)
	at org.gradle.internal.execution.steps.ExecuteWorkBuildOperationFiringStep.execute(ExecuteWorkBuildOperationFiringStep.java:67)
	at org.gradle.internal.execution.steps.ExecuteWorkBuildOperationFiringStep.execute(ExecuteWorkBuildOperationFiringStep.java:39)
	at org.gradle.internal.execution.steps.IdentityCacheStep.execute(IdentityCacheStep.java:46)
	at org.gradle.internal.execution.steps.IdentityCacheStep.execute(IdentityCacheStep.java:34)
	at org.gradle.internal.execution.steps.IdentifyStep.execute(IdentifyStep.java:44)
	at org.gradle.internal.execution.steps.IdentifyStep.execute(IdentifyStep.java:31)
	at org.gradle.internal.execution.impl.DefaultExecutionEngine$1.execute(DefaultExecutionEngine.java:68)
	at org.gradle.api.internal.tasks.execution.ExecuteActionsTaskExecuter.executeIfValid(ExecuteActionsTaskExecuter.java:132)
	... 33 more
Caused by: groovy.lang.MissingPropertyException: No such property: mode for class: org.gradle.api.internal.file.copy.NormalizingCopyActionDecorator$StubbedFileCopyDetails
Possible solutions: file, name, size, chmod
	at org.codehaus.groovy.runtime.ScriptBytecodeAdapter.unwrap(ScriptBytecodeAdapter.java:68)
	at org.codehaus.groovy.runtime.callsite.GetEffectivePojoPropertySite.getProperty(GetEffectivePojoPropertySite.java:67)
	at org.codehaus.groovy.runtime.callsite.AbstractCallSite.callGetProperty(AbstractCallSite.java:329)
	at com.github.jengelman.gradle.plugins.shadow.tasks.ShadowCopyAction$StreamAction.visitDir(ShadowCopyAction.groovy:403)
	... 172 more

==============================================================================

Deprecated Gradle features were used in this build, making it incompatible with Gradle 10.

You can use '--warning-mode all' to show the individual deprecation warnings and determine if they come from your own scripts or plugins.

For more on this, please refer to https://docs.gradle.org/9.3.0/userguide/command_line_interface.html#sec:command_line_warnings in the Gradle documentation.

BUILD FAILED in 5m 7s
32 actionable tasks: 32 executed
